_id,doctor,day,start_time,end_time,slot_duration_minutes,created_at,updated_at,__v
"""6a71b1e2132807b557ae1ce9""","""6a71b1e2132807b557ae1ce8""","Monday","09:00 AM","05:00 PM","30","""2026-08-04T09:33:22.099Z""","""2026-08-04T09:33:22.099Z""","0"
"""6a71b1e2132807b557ae1cea""","""6a71b1e2132807b557ae1ce8""","Tuesday","09:00 AM","05:00 PM","30","""2026-08-04T09:33:22.103Z""","""2026-08-04T09:33:22.103Z""","0"
"""6a71b1e2132807b557ae1ceb""","""6a71b1e2132807b557ae1ce8""","Wednesday","09:00 AM","05:00 PM","30","""2026-08-04T09:33:22.106Z""","""2026-08-04T09:33:22.106Z""","0"
"""6a71b1e2132807b557ae1cec""","""6a71b1e2132807b557ae1ce8""","Thursday","09:00 AM","05:00 PM","30","""2026-08-04T09:33:22.109Z""","""2026-08-04T09:33:22.109Z""","0"
"""6a71b1e2132807b557ae1ced""","""6a71b1e2132807b557ae1ce8""","Friday","09:00 AM","05:00 PM","30","""2026-08-04T09:33:22.112Z""","""2026-08-04T09:33:22.112Z""","0"
"""6a71b1e2132807b557ae1cee""","""6a71b1e2132807b557ae1ce8""","Saturday","09:00 AM","05:00 PM","30","""2026-08-04T09:33:22.115Z""","""2026-08-04T09:33:22.115Z""","0"
"""6a71b1e2132807b557ae1cf1""","""6a71b1e2132807b557ae1cf0""","Monday","09:00 AM","05:00 PM","30","""2026-08-04T09:33:22.124Z""","""2026-08-04T09:33:22.124Z""","0"
"""6a71b1e2132807b557ae1cf2""","""6a71b1e2132807b557ae1cf0""","Tuesday","09:00 AM","05:00 PM","30","""2026-08-04T09:33:22.127Z""","""2026-08-04T09:33:22.127Z""","0"
"""6a71b1e2132807b557ae1cf3""","""6a71b1e2132807b557ae1cf0""","Wednesday","09:00 AM","05:00 PM","30","""2026-08-04T09:33:22.130Z""","""2026-08-04T09:33:22.130Z""","0"
"""6a71b1e2132807b557ae1cf4""","""6a71b1e2132807b557ae1cf0""","Thursday","09:00 AM","05:00 PM","30","""2026-08-04T09:33:22.134Z""","""2026-08-04T09:33:22.134Z""","0"
"""6a71b1e2132807b557ae1cf5""","""6a71b1e2132807b557ae1cf0""","Friday","09:00 AM","05:00 PM","30","""2026-08-04T09:33:22.137Z""","""2026-08-04T09:33:22.137Z""","0"
"""6a71b1e2132807b557ae1cf6""","""6a71b1e2132807b557ae1cf0""","Saturday","09:00 AM","05:00 PM","30","""2026-08-04T09:33:22.140Z""","""2026-08-04T09:33:22.140Z""","0"
"""6a71b1e2132807b557ae1cf9""","""6a71b1e2132807b557ae1cf8""","Monday","09:00 AM","05:00 PM","30","""2026-08-04T09:33:22.151Z""","""2026-08-04T09:33:22.151Z""","0"
"""6a71b1e2132807b557ae1cfa""","""6a71b1e2132807b557ae1cf8""","Tuesday","09:00 AM","05:00 PM","30","""2026-08-04T09:33:22.154Z""","""2026-08-04T09:33:22.154Z""","0"
"""6a71b1e2132807b557ae1cfb""","""6a71b1e2132807b557ae1cf8""","Wednesday","09:00 AM","05:00 PM","30","""2026-08-04T09:33:22.157Z""","""2026-08-04T09:33:22.157Z""","0"
"""6a71b1e2132807b557ae1cfc""","""6a71b1e2132807b557ae1cf8""","Thursday","09:00 AM","05:00 PM","30","""2026-08-04T09:33:22.160Z""","""2026-08-04T09:33:22.160Z""","0"
"""6a71b1e2132807b557ae1cfd""","""6a71b1e2132807b557ae1cf8""","Friday","09:00 AM","05:00 PM","30","""2026-08-04T09:33:22.164Z""","""2026-08-04T09:33:22.164Z""","0"
"""6a71b1e2132807b557ae1cfe""","""6a71b1e2132807b557ae1cf8""","Saturday","09:00 AM","05:00 PM","30","""2026-08-04T09:33:22.167Z""","""2026-08-04T09:33:22.167Z""","0"
"""6a71b1e2132807b557ae1d01""","""6a71b1e2132807b557ae1d00""","Monday","09:00 AM","05:00 PM","30","""2026-08-04T09:33:22.175Z""","""2026-08-04T09:33:22.175Z""","0"
"""6a71b1e2132807b557ae1d02""","""6a71b1e2132807b557ae1d00""","Tuesday","09:00 AM","05:00 PM","30","""2026-08-04T09:33:22.178Z""","""2026-08-04T09:33:22.178Z""","0"
"""6a71b1e2132807b557ae1d03""","""6a71b1e2132807b557ae1d00""","Wednesday","09:00 AM","05:00 PM","30","""2026-08-04T09:33:22.181Z""","""2026-08-04T09:33:22.181Z""","0"
"""6a71b1e2132807b557ae1d04""","""6a71b1e2132807b557ae1d00""","Thursday","09:00 AM","05:00 PM","30","""2026-08-04T09:33:22.184Z""","""2026-08-04T09:33:22.184Z""","0"
"""6a71b1e2132807b557ae1d05""","""6a71b1e2132807b557ae1d00""","Friday","09:00 AM","05:00 PM","30","""2026-08-04T09:33:22.187Z""","""2026-08-04T09:33:22.187Z""","0"
"""6a71b1e2132807b557ae1d06""","""6a71b1e2132807b557ae1d00""","Saturday","09:00 AM","05:00 PM","30","""2026-08-04T09:33:22.190Z""","""2026-08-04T09:33:22.190Z""","0"
"""6a71b1e2132807b557ae1d09""","""6a71b1e2132807b557ae1d08""","Monday","09:00 AM","05:00 PM","30","""2026-08-04T09:33:22.201Z""","""2026-08-04T09:33:22.201Z""","0"
"""6a71b1e2132807b557ae1d0a""","""6a71b1e2132807b557ae1d08""","Tuesday","09:00 AM","05:00 PM","30","""2026-08-04T09:33:22.204Z""","""2026-08-04T09:33:22.204Z""","0"
"""6a71b1e2132807b557ae1d0b""","""6a71b1e2132807b557ae1d08""","Wednesday","09:00 AM","05:00 PM","30","""2026-08-04T09:33:22.207Z""","""2026-08-04T09:33:22.207Z""","0"
"""6a71b1e2132807b557ae1d0c""","""6a71b1e2132807b557ae1d08""","Thursday","09:00 AM","05:00 PM","30","""2026-08-04T09:33:22.210Z""","""2026-08-04T09:33:22.210Z""","0"
"""6a71b1e2132807b557ae1d0d""","""6a71b1e2132807b557ae1d08""","Friday","09:00 AM","05:00 PM","30","""2026-08-04T09:33:22.212Z""","""2026-08-04T09:33:22.212Z""","0"
"""6a71b1e2132807b557ae1d0e""","""6a71b1e2132807b557ae1d08""","Saturday","09:00 AM","05:00 PM","30","""2026-08-04T09:33:22.216Z""","""2026-08-04T09:33:22.216Z""","0"
"""6a71b1e2132807b557ae1d11""","""6a71b1e2132807b557ae1d10""","Monday","09:00 AM","05:00 PM","30","""2026-08-04T09:33:22.225Z""","""2026-08-04T09:33:22.225Z""","0"
"""6a71b1e2132807b557ae1d12""","""6a71b1e2132807b557ae1d10""","Tuesday","09:00 AM","05:00 PM","30","""2026-08-04T09:33:22.228Z""","""2026-08-04T09:33:22.228Z""","0"
"""6a71b1e2132807b557ae1d13""","""6a71b1e2132807b557ae1d10""","Wednesday","09:00 AM","05:00 PM","30","""2026-08-04T09:33:22.231Z""","""2026-08-04T09:33:22.231Z""","0"
"""6a71b1e2132807b557ae1d14""","""6a71b1e2132807b557ae1d10""","Thursday","09:00 AM","05:00 PM","30","""2026-08-04T09:33:22.234Z""","""2026-08-04T09:33:22.234Z""","0"
"""6a71b1e2132807b557ae1d15""","""6a71b1e2132807b557ae1d10""","Friday","09:00 AM","05:00 PM","30","""2026-08-04T09:33:22.237Z""","""2026-08-04T09:33:22.237Z""","0"
"""6a71b1e2132807b557ae1d16""","""6a71b1e2132807b557ae1d10""","Saturday","09:00 AM","05:00 PM","30","""2026-08-04T09:33:22.240Z""","""2026-08-04T09:33:22.240Z""","0"
"""6a71b1e2132807b557ae1d19""","""6a71b1e2132807b557ae1d18""","Monday","09:00 AM","05:00 PM","30","""2026-08-04T09:33:22.249Z""","""2026-08-04T09:33:22.249Z""","0"
"""6a71b1e2132807b557ae1d1a""","""6a71b1e2132807b557ae1d18""","Tuesday","09:00 AM","05:00 PM","30","""2026-08-04T09:33:22.252Z""","""2026-08-04T09:33:22.252Z""","0"
"""6a71b1e2132807b557ae1d1b""","""6a71b1e2132807b557ae1d18""","Wednesday","09:00 AM","05:00 PM","30","""2026-08-04T09:33:22.255Z""","""2026-08-04T09:33:22.255Z""","0"
"""6a71b1e2132807b557ae1d1c""","""6a71b1e2132807b557ae1d18""","Thursday","09:00 AM","05:00 PM","30","""2026-08-04T09:33:22.257Z""","""2026-08-04T09:33:22.257Z""","0"
"""6a71b1e2132807b557ae1d1d""","""6a71b1e2132807b557ae1d18""","Friday","09:00 AM","05:00 PM","30","""2026-08-04T09:33:22.260Z""","""2026-08-04T09:33:22.260Z""","0"
"""6a71b1e2132807b557ae1d1e""","""6a71b1e2132807b557ae1d18""","Saturday","09:00 AM","05:00 PM","30","""2026-08-04T09:33:22.264Z""","""2026-08-04T09:33:22.264Z""","0"
"""6a71b1e2132807b557ae1d21""","""6a71b1e2132807b557ae1d20""","Monday","09:00 AM","05:00 PM","30","""2026-08-04T09:33:22.273Z""","""2026-08-04T09:33:22.273Z""","0"
"""6a71b1e2132807b557ae1d22""","""6a71b1e2132807b557ae1d20""","Tuesday","09:00 AM","05:00 PM","30","""2026-08-04T09:33:22.277Z""","""2026-08-04T09:33:22.277Z""","0"
"""6a71b1e2132807b557ae1d23""","""6a71b1e2132807b557ae1d20""","Wednesday","09:00 AM","05:00 PM","30","""2026-08-04T09:33:22.280Z""","""2026-08-04T09:33:22.280Z""","0"
"""6a71b1e2132807b557ae1d24""","""6a71b1e2132807b557ae1d20""","Thursday","09:00 AM","05:00 PM","30","""2026-08-04T09:33:22.284Z""","""2026-08-04T09:33:22.284Z""","0"
"""6a71b1e2132807b557ae1d25""","""6a71b1e2132807b557ae1d20""","Friday","09:00 AM","05:00 PM","30","""2026-08-04T09:33:22.287Z""","""2026-08-04T09:33:22.287Z""","0"
"""6a71b1e2132807b557ae1d26""","""6a71b1e2132807b557ae1d20""","Saturday","09:00 AM","05:00 PM","30","""2026-08-04T09:33:22.290Z""","""2026-08-04T09:33:22.290Z""","0"
"""6a71b1e2132807b557ae1d29""","""6a71b1e2132807b557ae1d28""","Monday","09:00 AM","05:00 PM","30","""2026-08-04T09:33:22.300Z""","""2026-08-04T09:33:22.300Z""","0"
"""6a71b1e2132807b557ae1d2a""","""6a71b1e2132807b557ae1d28""","Tuesday","09:00 AM","05:00 PM","30","""2026-08-04T09:33:22.304Z""","""2026-08-04T09:33:22.304Z""","0"
"""6a71b1e2132807b557ae1d2b""","""6a71b1e2132807b557ae1d28""","Wednesday","09:00 AM","05:00 PM","30","""2026-08-04T09:33:22.307Z""","""2026-08-04T09:33:22.307Z""","0"
"""6a71b1e2132807b557ae1d2c""","""6a71b1e2132807b557ae1d28""","Thursday","09:00 AM","05:00 PM","30","""2026-08-04T09:33:22.310Z""","""2026-08-04T09:33:22.310Z""","0"
"""6a71b1e2132807b557ae1d2d""","""6a71b1e2132807b557ae1d28""","Friday","09:00 AM","05:00 PM","30","""2026-08-04T09:33:22.313Z""","""2026-08-04T09:33:22.313Z""","0"
"""6a71b1e2132807b557ae1d2e""","""6a71b1e2132807b557ae1d28""","Saturday","09:00 AM","05:00 PM","30","""2026-08-04T09:33:22.317Z""","""2026-08-04T09:33:22.317Z""","0"
"""6a71b1e2132807b557ae1d31""","""6a71b1e2132807b557ae1d30""","Monday","09:00 AM","05:00 PM","30","""2026-08-04T09:33:22.328Z""","""2026-08-04T09:33:22.328Z""","0"
"""6a71b1e2132807b557ae1d32""","""6a71b1e2132807b557ae1d30""","Tuesday","09:00 AM","05:00 PM","30","""2026-08-04T09:33:22.331Z""","""2026-08-04T09:33:22.331Z""","0"
"""6a71b1e2132807b557ae1d33""","""6a71b1e2132807b557ae1d30""","Wednesday","09:00 AM","05:00 PM","30","""2026-08-04T09:33:22.335Z""","""2026-08-04T09:33:22.335Z""","0"
"""6a71b1e2132807b557ae1d34""","""6a71b1e2132807b557ae1d30""","Thursday","09:00 AM","05:00 PM","30","""2026-08-04T09:33:22.338Z""","""2026-08-04T09:33:22.338Z""","0"
"""6a71b1e2132807b557ae1d35""","""6a71b1e2132807b557ae1d30""","Friday","09:00 AM","05:00 PM","30","""2026-08-04T09:33:22.342Z""","""2026-08-04T09:33:22.342Z""","0"
"""6a71b1e2132807b557ae1d36""","""6a71b1e2132807b557ae1d30""","Saturday","09:00 AM","05:00 PM","30","""2026-08-04T09:33:22.346Z""","""2026-08-04T09:33:22.346Z""","0"
"""6a71b1e2132807b557ae1d39""","""6a71b1e2132807b557ae1d38""","Monday","09:00 AM","05:00 PM","30","""2026-08-04T09:33:22.357Z""","""2026-08-04T09:33:22.357Z""","0"
"""6a71b1e2132807b557ae1d3a""","""6a71b1e2132807b557ae1d38""","Tuesday","09:00 AM","05:00 PM","30","""2026-08-04T09:33:22.360Z""","""2026-08-04T09:33:22.360Z""","0"
"""6a71b1e2132807b557ae1d3b""","""6a71b1e2132807b557ae1d38""","Wednesday","09:00 AM","05:00 PM","30","""2026-08-04T09:33:22.364Z""","""2026-08-04T09:33:22.364Z""","0"
"""6a71b1e2132807b557ae1d3c""","""6a71b1e2132807b557ae1d38""","Thursday","09:00 AM","05:00 PM","30","""2026-08-04T09:33:22.368Z""","""2026-08-04T09:33:22.368Z""","0"
"""6a71b1e2132807b557ae1d3d""","""6a71b1e2132807b557ae1d38""","Friday","09:00 AM","05:00 PM","30","""2026-08-04T09:33:22.372Z""","""2026-08-04T09:33:22.372Z""","0"
"""6a71b1e2132807b557ae1d3e""","""6a71b1e2132807b557ae1d38""","Saturday","09:00 AM","05:00 PM","30","""2026-08-04T09:33:22.375Z""","""2026-08-04T09:33:22.375Z""","0"
"""6a71b1e2132807b557ae1d41""","""6a71b1e2132807b557ae1d40""","Monday","09:00 AM","05:00 PM","30","""2026-08-04T09:33:22.386Z""","""2026-08-04T09:33:22.386Z""","0"
"""6a71b1e2132807b557ae1d42""","""6a71b1e2132807b557ae1d40""","Tuesday","09:00 AM","05:00 PM","30","""2026-08-04T09:33:22.390Z""","""2026-08-04T09:33:22.390Z""","0"
"""6a71b1e2132807b557ae1d43""","""6a71b1e2132807b557ae1d40""","Wednesday","09:00 AM","05:00 PM","30","""2026-08-04T09:33:22.393Z""","""2026-08-04T09:33:22.393Z""","0"
"""6a71b1e2132807b557ae1d44""","""6a71b1e2132807b557ae1d40""","Thursday","09:00 AM","05:00 PM","30","""2026-08-04T09:33:22.397Z""","""2026-08-04T09:33:22.397Z""","0"
"""6a71b1e2132807b557ae1d45""","""6a71b1e2132807b557ae1d40""","Friday","09:00 AM","05:00 PM","30","""2026-08-04T09:33:22.401Z""","""2026-08-04T09:33:22.401Z""","0"
"""6a71b1e2132807b557ae1d46""","""6a71b1e2132807b557ae1d40""","Saturday","09:00 AM","05:00 PM","30","""2026-08-04T09:33:22.404Z""","""2026-08-04T09:33:22.404Z""","0"
"""6a71b1e2132807b557ae1d49""","""6a71b1e2132807b557ae1d48""","Monday","09:00 AM","05:00 PM","30","""2026-08-04T09:33:22.414Z""","""2026-08-04T09:33:22.414Z""","0"
"""6a71b1e2132807b557ae1d4a""","""6a71b1e2132807b557ae1d48""","Tuesday","09:00 AM","05:00 PM","30","""2026-08-04T09:33:22.417Z""","""2026-08-04T09:33:22.417Z""","0"
"""6a71b1e2132807b557ae1d4b""","""6a71b1e2132807b557ae1d48""","Wednesday","09:00 AM","05:00 PM","30","""2026-08-04T09:33:22.421Z""","""2026-08-04T09:33:22.421Z""","0"
"""6a71b1e2132807b557ae1d4c""","""6a71b1e2132807b557ae1d48""","Thursday","09:00 AM","05:00 PM","30","""2026-08-04T09:33:22.424Z""","""2026-08-04T09:33:22.424Z""","0"
"""6a71b1e2132807b557ae1d4d""","""6a71b1e2132807b557ae1d48""","Friday","09:00 AM","05:00 PM","30","""2026-08-04T09:33:22.427Z""","""2026-08-04T09:33:22.427Z""","0"
"""6a71b1e2132807b557ae1d4e""","""6a71b1e2132807b557ae1d48""","Saturday","09:00 AM","05:00 PM","30","""2026-08-04T09:33:22.432Z""","""2026-08-04T09:33:22.432Z""","0"
"""6a71b1e2132807b557ae1d51""","""6a71b1e2132807b557ae1d50""","Monday","09:00 AM","05:00 PM","30","""2026-08-04T09:33:22.444Z""","""2026-08-04T09:33:22.444Z""","0"
"""6a71b1e2132807b557ae1d52""","""6a71b1e2132807b557ae1d50""","Tuesday","09:00 AM","05:00 PM","30","""2026-08-04T09:33:22.448Z""","""2026-08-04T09:33:22.448Z""","0"
"""6a71b1e2132807b557ae1d53""","""6a71b1e2132807b557ae1d50""","Wednesday","09:00 AM","05:00 PM","30","""2026-08-04T09:33:22.452Z""","""2026-08-04T09:33:22.452Z""","0"
"""6a71b1e2132807b557ae1d54""","""6a71b1e2132807b557ae1d50""","Thursday","09:00 AM","05:00 PM","30","""2026-08-04T09:33:22.455Z""","""2026-08-04T09:33:22.455Z""","0"
"""6a71b1e2132807b557ae1d55""","""6a71b1e2132807b557ae1d50""","Friday","09:00 AM","05:00 PM","30","""2026-08-04T09:33:22.458Z""","""2026-08-04T09:33:22.458Z""","0"
"""6a71b1e2132807b557ae1d56""","""6a71b1e2132807b557ae1d50""","Saturday","09:00 AM","05:00 PM","30","""2026-08-04T09:33:22.462Z""","""2026-08-04T09:33:22.462Z""","0"
"""6a71b1e2132807b557ae1d59""","""6a71b1e2132807b557ae1d58""","Monday","09:00 AM","05:00 PM","30","""2026-08-04T09:33:22.474Z""","""2026-08-04T09:33:22.474Z""","0"
"""6a71b1e2132807b557ae1d5a""","""6a71b1e2132807b557ae1d58""","Tuesday","09:00 AM","05:00 PM","30","""2026-08-04T09:33:22.477Z""","""2026-08-04T09:33:22.477Z""","0"
"""6a71b1e2132807b557ae1d5b""","""6a71b1e2132807b557ae1d58""","Wednesday","09:00 AM","05:00 PM","30","""2026-08-04T09:33:22.481Z""","""2026-08-04T09:33:22.481Z""","0"
"""6a71b1e2132807b557ae1d5c""","""6a71b1e2132807b557ae1d58""","Thursday","09:00 AM","05:00 PM","30","""2026-08-04T09:33:22.485Z""","""2026-08-04T09:33:22.485Z""","0"
"""6a71b1e2132807b557ae1d5d""","""6a71b1e2132807b557ae1d58""","Friday","09:00 AM","05:00 PM","30","""2026-08-04T09:33:22.488Z""","""2026-08-04T09:33:22.488Z""","0"
"""6a71b1e2132807b557ae1d5e""","""6a71b1e2132807b557ae1d58""","Saturday","09:00 AM","05:00 PM","30","""2026-08-04T09:33:22.492Z""","""2026-08-04T09:33:22.492Z""","0"
"""6a71b1e2132807b557ae1d61""","""6a71b1e2132807b557ae1d60""","Monday","09:00 AM","05:00 PM","30","""2026-08-04T09:33:22.503Z""","""2026-08-04T09:33:22.503Z""","0"
"""6a71b1e2132807b557ae1d62""","""6a71b1e2132807b557ae1d60""","Tuesday","09:00 AM","05:00 PM","30","""2026-08-04T09:33:22.507Z""","""2026-08-04T09:33:22.507Z""","0"
"""6a71b1e2132807b557ae1d63""","""6a71b1e2132807b557ae1d60""","Wednesday","09:00 AM","05:00 PM","30","""2026-08-04T09:33:22.511Z""","""2026-08-04T09:33:22.511Z""","0"
"""6a71b1e2132807b557ae1d64""","""6a71b1e2132807b557ae1d60""","Thursday","09:00 AM","05:00 PM","30","""2026-08-04T09:33:22.517Z""","""2026-08-04T09:33:22.517Z""","0"
"""6a71b1e2132807b557ae1d65""","""6a71b1e2132807b557ae1d60""","Friday","09:00 AM","05:00 PM","30","""2026-08-04T09:33:22.521Z""","""2026-08-04T09:33:22.521Z""","0"
"""6a71b1e2132807b557ae1d66""","""6a71b1e2132807b557ae1d60""","Saturday","09:00 AM","05:00 PM","30","""2026-08-04T09:33:22.524Z""","""2026-08-04T09:33:22.524Z""","0"
"""6a71b1e2132807b557ae1d69""","""6a71b1e2132807b557ae1d68""","Monday","09:00 AM","05:00 PM","30","""2026-08-04T09:33:22.537Z""","""2026-08-04T09:33:22.537Z""","0"
"""6a71b1e2132807b557ae1d6a""","""6a71b1e2132807b557ae1d68""","Tuesday","09:00 AM","05:00 PM","30","""2026-08-04T09:33:22.540Z""","""2026-08-04T09:33:22.540Z""","0"
"""6a71b1e2132807b557ae1d6b""","""6a71b1e2132807b557ae1d68""","Wednesday","09:00 AM","05:00 PM","30","""2026-08-04T09:33:22.544Z""","""2026-08-04T09:33:22.544Z""","0"
"""6a71b1e2132807b557ae1d6c""","""6a71b1e2132807b557ae1d68""","Thursday","09:00 AM","05:00 PM","30","""2026-08-04T09:33:22.548Z""","""2026-08-04T09:33:22.548Z""","0"
"""6a71b1e2132807b557ae1d6d""","""6a71b1e2132807b557ae1d68""","Friday","09:00 AM","05:00 PM","30","""2026-08-04T09:33:22.552Z""","""2026-08-04T09:33:22.552Z""","0"
"""6a71b1e2132807b557ae1d6e""","""6a71b1e2132807b557ae1d68""","Saturday","09:00 AM","05:00 PM","30","""2026-08-04T09:33:22.555Z""","""2026-08-04T09:33:22.555Z""","0"
"""6a71b1e2132807b557ae1d71""","""6a71b1e2132807b557ae1d70""","Monday","09:00 AM","05:00 PM","30","""2026-08-04T09:33:22.567Z""","""2026-08-04T09:33:22.567Z""","0"
"""6a71b1e2132807b557ae1d72""","""6a71b1e2132807b557ae1d70""","Tuesday","09:00 AM","05:00 PM","30","""2026-08-04T09:33:22.570Z""","""2026-08-04T09:33:22.570Z""","0"
"""6a71b1e2132807b557ae1d73""","""6a71b1e2132807b557ae1d70""","Wednesday","09:00 AM","05:00 PM","30","""2026-08-04T09:33:22.574Z""","""2026-08-04T09:33:22.574Z""","0"
"""6a71b1e2132807b557ae1d74""","""6a71b1e2132807b557ae1d70""","Thursday","09:00 AM","05:00 PM","30","""2026-08-04T09:33:22.577Z""","""2026-08-04T09:33:22.577Z""","0"
"""6a71b1e2132807b557ae1d75""","""6a71b1e2132807b557ae1d70""","Friday","09:00 AM","05:00 PM","30","""2026-08-04T09:33:22.582Z""","""2026-08-04T09:33:22.582Z""","0"
"""6a71b1e2132807b557ae1d76""","""6a71b1e2132807b557ae1d70""","Saturday","09:00 AM","05:00 PM","30","""2026-08-04T09:33:22.586Z""","""2026-08-04T09:33:22.586Z""","0"
"""6a71b1e2132807b557ae1d79""","""6a71b1e2132807b557ae1d78""","Monday","09:00 AM","05:00 PM","30","""2026-08-04T09:33:22.597Z""","""2026-08-04T09:33:22.597Z""","0"
"""6a71b1e2132807b557ae1d7a""","""6a71b1e2132807b557ae1d78""","Tuesday","09:00 AM","05:00 PM","30","""2026-08-04T09:33:22.601Z""","""2026-08-04T09:33:22.601Z""","0"
"""6a71b1e2132807b557ae1d7b""","""6a71b1e2132807b557ae1d78""","Wednesday","09:00 AM","05:00 PM","30","""2026-08-04T09:33:22.605Z""","""2026-08-04T09:33:22.605Z""","0"
"""6a71b1e2132807b557ae1d7c""","""6a71b1e2132807b557ae1d78""","Thursday","09:00 AM","05:00 PM","30","""2026-08-04T09:33:22.608Z""","""2026-08-04T09:33:22.608Z""","0"
"""6a71b1e2132807b557ae1d7d""","""6a71b1e2132807b557ae1d78""","Friday","09:00 AM","05:00 PM","30","""2026-08-04T09:33:22.611Z""","""2026-08-04T09:33:22.611Z""","0"
"""6a71b1e2132807b557ae1d7e""","""6a71b1e2132807b557ae1d78""","Saturday","09:00 AM","05:00 PM","30","""2026-08-04T09:33:22.615Z""","""2026-08-04T09:33:22.615Z""","0"
"""6a71b1e2132807b557ae1d81""","""6a71b1e2132807b557ae1d80""","Monday","09:00 AM","05:00 PM","30","""2026-08-04T09:33:22.628Z""","""2026-08-04T09:33:22.628Z""","0"
"""6a71b1e2132807b557ae1d82""","""6a71b1e2132807b557ae1d80""","Tuesday","09:00 AM","05:00 PM","30","""2026-08-04T09:33:22.632Z""","""2026-08-04T09:33:22.632Z""","0"
"""6a71b1e2132807b557ae1d83""","""6a71b1e2132807b557ae1d80""","Wednesday","09:00 AM","05:00 PM","30","""2026-08-04T09:33:22.635Z""","""2026-08-04T09:33:22.635Z""","0"
"""6a71b1e2132807b557ae1d84""","""6a71b1e2132807b557ae1d80""","Thursday","09:00 AM","05:00 PM","30","""2026-08-04T09:33:22.638Z""","""2026-08-04T09:33:22.638Z""","0"
"""6a71b1e2132807b557ae1d85""","""6a71b1e2132807b557ae1d80""","Friday","09:00 AM","05:00 PM","30","""2026-08-04T09:33:22.641Z""","""2026-08-04T09:33:22.641Z""","0"
"""6a71b1e2132807b557ae1d86""","""6a71b1e2132807b557ae1d80""","Saturday","09:00 AM","05:00 PM","30","""2026-08-04T09:33:22.644Z""","""2026-08-04T09:33:22.644Z""","0"
"""6a71b1e2132807b557ae1d89""","""6a71b1e2132807b557ae1d88""","Monday","09:00 AM","05:00 PM","30","""2026-08-04T09:33:22.656Z""","""2026-08-04T09:33:22.656Z""","0"
"""6a71b1e2132807b557ae1d8a""","""6a71b1e2132807b557ae1d88""","Tuesday","09:00 AM","05:00 PM","30","""2026-08-04T09:33:22.659Z""","""2026-08-04T09:33:22.659Z""","0"
"""6a71b1e2132807b557ae1d8b""","""6a71b1e2132807b557ae1d88""","Wednesday","09:00 AM","05:00 PM","30","""2026-08-04T09:33:22.662Z""","""2026-08-04T09:33:22.662Z""","0"
"""6a71b1e2132807b557ae1d8c""","""6a71b1e2132807b557ae1d88""","Thursday","09:00 AM","05:00 PM","30","""2026-08-04T09:33:22.666Z""","""2026-08-04T09:33:22.666Z""","0"
"""6a71b1e2132807b557ae1d8d""","""6a71b1e2132807b557ae1d88""","Friday","09:00 AM","05:00 PM","30","""2026-08-04T09:33:22.669Z""","""2026-08-04T09:33:22.669Z""","0"
"""6a71b1e2132807b557ae1d8e""","""6a71b1e2132807b557ae1d88""","Saturday","09:00 AM","05:00 PM","30","""2026-08-04T09:33:22.672Z""","""2026-08-04T09:33:22.672Z""","0"
"""6a71b1e2132807b557ae1d91""","""6a71b1e2132807b557ae1d90""","Monday","09:00 AM","05:00 PM","30","""2026-08-04T09:33:22.683Z""","""2026-08-04T09:33:22.683Z""","0"
"""6a71b1e2132807b557ae1d92""","""6a71b1e2132807b557ae1d90""","Tuesday","09:00 AM","05:00 PM","30","""2026-08-04T09:33:22.686Z""","""2026-08-04T09:33:22.686Z""","0"
"""6a71b1e2132807b557ae1d93""","""6a71b1e2132807b557ae1d90""","Wednesday","09:00 AM","05:00 PM","30","""2026-08-04T09:33:22.688Z""","""2026-08-04T09:33:22.688Z""","0"
"""6a71b1e2132807b557ae1d94""","""6a71b1e2132807b557ae1d90""","Thursday","09:00 AM","05:00 PM","30","""2026-08-04T09:33:22.691Z""","""2026-08-04T09:33:22.691Z""","0"
"""6a71b1e2132807b557ae1d95""","""6a71b1e2132807b557ae1d90""","Friday","09:00 AM","05:00 PM","30","""2026-08-04T09:33:22.694Z""","""2026-08-04T09:33:22.694Z""","0"
"""6a71b1e2132807b557ae1d96""","""6a71b1e2132807b557ae1d90""","Saturday","09:00 AM","05:00 PM","30","""2026-08-04T09:33:22.698Z""","""2026-08-04T09:33:22.698Z""","0"
"""6a71b1e2132807b557ae1d99""","""6a71b1e2132807b557ae1d98""","Monday","09:00 AM","05:00 PM","30","""2026-08-04T09:33:22.708Z""","""2026-08-04T09:33:22.708Z""","0"
"""6a71b1e2132807b557ae1d9a""","""6a71b1e2132807b557ae1d98""","Tuesday","09:00 AM","05:00 PM","30","""2026-08-04T09:33:22.711Z""","""2026-08-04T09:33:22.711Z""","0"
"""6a71b1e2132807b557ae1d9b""","""6a71b1e2132807b557ae1d98""","Wednesday","09:00 AM","05:00 PM","30","""2026-08-04T09:33:22.715Z""","""2026-08-04T09:33:22.715Z""","0"
"""6a71b1e2132807b557ae1d9c""","""6a71b1e2132807b557ae1d98""","Thursday","09:00 AM","05:00 PM","30","""2026-08-04T09:33:22.719Z""","""2026-08-04T09:33:22.719Z""","0"
"""6a71b1e2132807b557ae1d9d""","""6a71b1e2132807b557ae1d98""","Friday","09:00 AM","05:00 PM","30","""2026-08-04T09:33:22.722Z""","""2026-08-04T09:33:22.722Z""","0"
"""6a71b1e2132807b557ae1d9e""","""6a71b1e2132807b557ae1d98""","Saturday","09:00 AM","05:00 PM","30","""2026-08-04T09:33:22.726Z""","""2026-08-04T09:33:22.726Z""","0"
"""6a71b1e2132807b557ae1da1""","""6a71b1e2132807b557ae1da0""","Monday","09:00 AM","05:00 PM","30","""2026-08-04T09:33:22.738Z""","""2026-08-04T09:33:22.738Z""","0"
"""6a71b1e2132807b557ae1da2""","""6a71b1e2132807b557ae1da0""","Tuesday","09:00 AM","05:00 PM","30","""2026-08-04T09:33:22.741Z""","""2026-08-04T09:33:22.741Z""","0"
"""6a71b1e2132807b557ae1da3""","""6a71b1e2132807b557ae1da0""","Wednesday","09:00 AM","05:00 PM","30","""2026-08-04T09:33:22.744Z""","""2026-08-04T09:33:22.744Z""","0"
"""6a71b1e2132807b557ae1da4""","""6a71b1e2132807b557ae1da0""","Thursday","09:00 AM","05:00 PM","30","""2026-08-04T09:33:22.747Z""","""2026-08-04T09:33:22.747Z""","0"
"""6a71b1e2132807b557ae1da5""","""6a71b1e2132807b557ae1da0""","Friday","09:00 AM","05:00 PM","30","""2026-08-04T09:33:22.750Z""","""2026-08-04T09:33:22.750Z""","0"
"""6a71b1e2132807b557ae1da6""","""6a71b1e2132807b557ae1da0""","Saturday","09:00 AM","05:00 PM","30","""2026-08-04T09:33:22.754Z""","""2026-08-04T09:33:22.754Z""","0"
"""6a71b1e2132807b557ae1da9""","""6a71b1e2132807b557ae1da8""","Monday","09:00 AM","05:00 PM","30","""2026-08-04T09:33:22.767Z""","""2026-08-04T09:33:22.767Z""","0"
"""6a71b1e2132807b557ae1daa""","""6a71b1e2132807b557ae1da8""","Tuesday","09:00 AM","05:00 PM","30","""2026-08-04T09:33:22.771Z""","""2026-08-04T09:33:22.771Z""","0"
"""6a71b1e2132807b557ae1dab""","""6a71b1e2132807b557ae1da8""","Wednesday","09:00 AM","05:00 PM","30","""2026-08-04T09:33:22.774Z""","""2026-08-04T09:33:22.774Z""","0"
"""6a71b1e2132807b557ae1dac""","""6a71b1e2132807b557ae1da8""","Thursday","09:00 AM","05:00 PM","30","""2026-08-04T09:33:22.777Z""","""2026-08-04T09:33:22.777Z""","0"
"""6a71b1e2132807b557ae1dad""","""6a71b1e2132807b557ae1da8""","Friday","09:00 AM","05:00 PM","30","""2026-08-04T09:33:22.781Z""","""2026-08-04T09:33:22.781Z""","0"
"""6a71b1e2132807b557ae1dae""","""6a71b1e2132807b557ae1da8""","Saturday","09:00 AM","05:00 PM","30","""2026-08-04T09:33:22.790Z""","""2026-08-04T09:33:22.790Z""","0"
"""6a71b1e2132807b557ae1db1""","""6a71b1e2132807b557ae1db0""","Monday","09:00 AM","05:00 PM","30","""2026-08-04T09:33:22.801Z""","""2026-08-04T09:33:22.801Z""","0"
"""6a71b1e2132807b557ae1db2""","""6a71b1e2132807b557ae1db0""","Tuesday","09:00 AM","05:00 PM","30","""2026-08-04T09:33:22.803Z""","""2026-08-04T09:33:22.803Z""","0"
"""6a71b1e2132807b557ae1db3""","""6a71b1e2132807b557ae1db0""","Wednesday","09:00 AM","05:00 PM","30","""2026-08-04T09:33:22.805Z""","""2026-08-04T09:33:22.805Z""","0"
"""6a71b1e2132807b557ae1db4""","""6a71b1e2132807b557ae1db0""","Thursday","09:00 AM","05:00 PM","30","""2026-08-04T09:33:22.808Z""","""2026-08-04T09:33:22.808Z""","0"
"""6a71b1e2132807b557ae1db5""","""6a71b1e2132807b557ae1db0""","Friday","09:00 AM","05:00 PM","30","""2026-08-04T09:33:22.810Z""","""2026-08-04T09:33:22.810Z""","0"
"""6a71b1e2132807b557ae1db6""","""6a71b1e2132807b557ae1db0""","Saturday","09:00 AM","05:00 PM","30","""2026-08-04T09:33:22.813Z""","""2026-08-04T09:33:22.813Z""","0"
"""6a71b1e2132807b557ae1db9""","""6a71b1e2132807b557ae1db8""","Monday","09:00 AM","05:00 PM","30","""2026-08-04T09:33:22.821Z""","""2026-08-04T09:33:22.821Z""","0"
"""6a71b1e2132807b557ae1dba""","""6a71b1e2132807b557ae1db8""","Tuesday","09:00 AM","05:00 PM","30","""2026-08-04T09:33:22.823Z""","""2026-08-04T09:33:22.823Z""","0"
"""6a71b1e2132807b557ae1dbb""","""6a71b1e2132807b557ae1db8""","Wednesday","09:00 AM","05:00 PM","30","""2026-08-04T09:33:22.826Z""","""2026-08-04T09:33:22.826Z""","0"
"""6a71b1e2132807b557ae1dbc""","""6a71b1e2132807b557ae1db8""","Thursday","09:00 AM","05:00 PM","30","""2026-08-04T09:33:22.828Z""","""2026-08-04T09:33:22.828Z""","0"
"""6a71b1e2132807b557ae1dbd""","""6a71b1e2132807b557ae1db8""","Friday","09:00 AM","05:00 PM","30","""2026-08-04T09:33:22.830Z""","""2026-08-04T09:33:22.830Z""","0"
"""6a71b1e2132807b557ae1dbe""","""6a71b1e2132807b557ae1db8""","Saturday","09:00 AM","05:00 PM","30","""2026-08-04T09:33:22.833Z""","""2026-08-04T09:33:22.833Z""","0"
"""6a71b1e2132807b557ae1dc1""","""6a71b1e2132807b557ae1dc0""","Monday","09:00 AM","05:00 PM","30","""2026-08-04T09:33:22.841Z""","""2026-08-04T09:33:22.841Z""","0"
"""6a71b1e2132807b557ae1dc2""","""6a71b1e2132807b557ae1dc0""","Tuesday","09:00 AM","05:00 PM","30","""2026-08-04T09:33:22.844Z""","""2026-08-04T09:33:22.844Z""","0"
"""6a71b1e2132807b557ae1dc3""","""6a71b1e2132807b557ae1dc0""","Wednesday","09:00 AM","05:00 PM","30","""2026-08-04T09:33:22.847Z""","""2026-08-04T09:33:22.847Z""","0"
"""6a71b1e2132807b557ae1dc4""","""6a71b1e2132807b557ae1dc0""","Thursday","09:00 AM","05:00 PM","30","""2026-08-04T09:33:22.850Z""","""2026-08-04T09:33:22.850Z""","0"
"""6a71b1e2132807b557ae1dc5""","""6a71b1e2132807b557ae1dc0""","Friday","09:00 AM","05:00 PM","30","""2026-08-04T09:33:22.852Z""","""2026-08-04T09:33:22.852Z""","0"
"""6a71b1e2132807b557ae1dc6""","""6a71b1e2132807b557ae1dc0""","Saturday","09:00 AM","05:00 PM","30","""2026-08-04T09:33:22.855Z""","""2026-08-04T09:33:22.855Z""","0"
"""6a71b1e2132807b557ae1dc9""","""6a71b1e2132807b557ae1dc8""","Monday","09:00 AM","05:00 PM","30","""2026-08-04T09:33:22.863Z""","""2026-08-04T09:33:22.863Z""","0"
"""6a71b1e2132807b557ae1dca""","""6a71b1e2132807b557ae1dc8""","Tuesday","09:00 AM","05:00 PM","30","""2026-08-04T09:33:22.866Z""","""2026-08-04T09:33:22.866Z""","0"
"""6a71b1e2132807b557ae1dcb""","""6a71b1e2132807b557ae1dc8""","Wednesday","09:00 AM","05:00 PM","30","""2026-08-04T09:33:22.869Z""","""2026-08-04T09:33:22.869Z""","0"
"""6a71b1e2132807b557ae1dcc""","""6a71b1e2132807b557ae1dc8""","Thursday","09:00 AM","05:00 PM","30","""2026-08-04T09:33:22.872Z""","""2026-08-04T09:33:22.872Z""","0"
"""6a71b1e2132807b557ae1dcd""","""6a71b1e2132807b557ae1dc8""","Friday","09:00 AM","05:00 PM","30","""2026-08-04T09:33:22.874Z""","""2026-08-04T09:33:22.874Z""","0"
"""6a71b1e2132807b557ae1dce""","""6a71b1e2132807b557ae1dc8""","Saturday","09:00 AM","05:00 PM","30","""2026-08-04T09:33:22.877Z""","""2026-08-04T09:33:22.877Z""","0"
"""6a71b1e2132807b557ae1dd1""","""6a71b1e2132807b557ae1dd0""","Monday","09:00 AM","05:00 PM","30","""2026-08-04T09:33:22.885Z""","""2026-08-04T09:33:22.885Z""","0"
"""6a71b1e2132807b557ae1dd2""","""6a71b1e2132807b557ae1dd0""","Tuesday","09:00 AM","05:00 PM","30","""2026-08-04T09:33:22.888Z""","""2026-08-04T09:33:22.888Z""","0"
"""6a71b1e2132807b557ae1dd3""","""6a71b1e2132807b557ae1dd0""","Wednesday","09:00 AM","05:00 PM","30","""2026-08-04T09:33:22.890Z""","""2026-08-04T09:33:22.890Z""","0"
"""6a71b1e2132807b557ae1dd4""","""6a71b1e2132807b557ae1dd0""","Thursday","09:00 AM","05:00 PM","30","""2026-08-04T09:33:22.893Z""","""2026-08-04T09:33:22.893Z""","0"
"""6a71b1e2132807b557ae1dd5""","""6a71b1e2132807b557ae1dd0""","Friday","09:00 AM","05:00 PM","30","""2026-08-04T09:33:22.895Z""","""2026-08-04T09:33:22.895Z""","0"
"""6a71b1e2132807b557ae1dd6""","""6a71b1e2132807b557ae1dd0""","Saturday","09:00 AM","05:00 PM","30","""2026-08-04T09:33:22.898Z""","""2026-08-04T09:33:22.898Z""","0"
"""6a71b1e2132807b557ae1dd9""","""6a71b1e2132807b557ae1dd8""","Monday","09:00 AM","05:00 PM","30","""2026-08-04T09:33:22.907Z""","""2026-08-04T09:33:22.907Z""","0"
"""6a71b1e2132807b557ae1dda""","""6a71b1e2132807b557ae1dd8""","Tuesday","09:00 AM","05:00 PM","30","""2026-08-04T09:33:22.909Z""","""2026-08-04T09:33:22.909Z""","0"
"""6a71b1e2132807b557ae1ddb""","""6a71b1e2132807b557ae1dd8""","Wednesday","09:00 AM","05:00 PM","30","""2026-08-04T09:33:22.911Z""","""2026-08-04T09:33:22.911Z""","0"
"""6a71b1e2132807b557ae1ddc""","""6a71b1e2132807b557ae1dd8""","Thursday","09:00 AM","05:00 PM","30","""2026-08-04T09:33:22.915Z""","""2026-08-04T09:33:22.915Z""","0"
"""6a71b1e2132807b557ae1ddd""","""6a71b1e2132807b557ae1dd8""","Friday","09:00 AM","05:00 PM","30","""2026-08-04T09:33:22.918Z""","""2026-08-04T09:33:22.918Z""","0"
"""6a71b1e2132807b557ae1dde""","""6a71b1e2132807b557ae1dd8""","Saturday","09:00 AM","05:00 PM","30","""2026-08-04T09:33:22.920Z""","""2026-08-04T09:33:22.920Z""","0"
"""6a71b1e2132807b557ae1de1""","""6a71b1e2132807b557ae1de0""","Monday","09:00 AM","05:00 PM","30","""2026-08-04T09:33:22.928Z""","""2026-08-04T09:33:22.928Z""","0"
"""6a71b1e2132807b557ae1de2""","""6a71b1e2132807b557ae1de0""","Tuesday","09:00 AM","05:00 PM","30","""2026-08-04T09:33:22.931Z""","""2026-08-04T09:33:22.931Z""","0"
"""6a71b1e2132807b557ae1de3""","""6a71b1e2132807b557ae1de0""","Wednesday","09:00 AM","05:00 PM","30","""2026-08-04T09:33:22.934Z""","""2026-08-04T09:33:22.934Z""","0"
"""6a71b1e2132807b557ae1de4""","""6a71b1e2132807b557ae1de0""","Thursday","09:00 AM","05:00 PM","30","""2026-08-04T09:33:22.937Z""","""2026-08-04T09:33:22.937Z""","0"
"""6a71b1e2132807b557ae1de5""","""6a71b1e2132807b557ae1de0""","Friday","09:00 AM","05:00 PM","30","""2026-08-04T09:33:22.940Z""","""2026-08-04T09:33:22.940Z""","0"
"""6a71b1e2132807b557ae1de6""","""6a71b1e2132807b557ae1de0""","Saturday","09:00 AM","05:00 PM","30","""2026-08-04T09:33:22.942Z""","""2026-08-04T09:33:22.942Z""","0"
"""6a71b1e2132807b557ae1de9""","""6a71b1e2132807b557ae1de8""","Monday","09:00 AM","05:00 PM","30","""2026-08-04T09:33:22.952Z""","""2026-08-04T09:33:22.952Z""","0"
"""6a71b1e2132807b557ae1dea""","""6a71b1e2132807b557ae1de8""","Tuesday","09:00 AM","05:00 PM","30","""2026-08-04T09:33:22.955Z""","""2026-08-04T09:33:22.955Z""","0"
"""6a71b1e2132807b557ae1deb""","""6a71b1e2132807b557ae1de8""","Wednesday","09:00 AM","05:00 PM","30","""2026-08-04T09:33:22.958Z""","""2026-08-04T09:33:22.958Z""","0"
"""6a71b1e2132807b557ae1dec""","""6a71b1e2132807b557ae1de8""","Thursday","09:00 AM","05:00 PM","30","""2026-08-04T09:33:22.961Z""","""2026-08-04T09:33:22.961Z""","0"
"""6a71b1e2132807b557ae1ded""","""6a71b1e2132807b557ae1de8""","Friday","09:00 AM","05:00 PM","30","""2026-08-04T09:33:22.965Z""","""2026-08-04T09:33:22.965Z""","0"
"""6a71b1e2132807b557ae1dee""","""6a71b1e2132807b557ae1de8""","Saturday","09:00 AM","05:00 PM","30","""2026-08-04T09:33:22.968Z""","""2026-08-04T09:33:22.968Z""","0"
"""6a71b1e2132807b557ae1df1""","""6a71b1e2132807b557ae1df0""","Monday","09:00 AM","05:00 PM","30","""2026-08-04T09:33:22.977Z""","""2026-08-04T09:33:22.977Z""","0"
"""6a71b1e2132807b557ae1df2""","""6a71b1e2132807b557ae1df0""","Tuesday","09:00 AM","05:00 PM","30","""2026-08-04T09:33:22.980Z""","""2026-08-04T09:33:22.980Z""","0"
"""6a71b1e2132807b557ae1df3""","""6a71b1e2132807b557ae1df0""","Wednesday","09:00 AM","05:00 PM","30","""2026-08-04T09:33:22.983Z""","""2026-08-04T09:33:22.983Z""","0"
"""6a71b1e2132807b557ae1df4""","""6a71b1e2132807b557ae1df0""","Thursday","09:00 AM","05:00 PM","30","""2026-08-04T09:33:22.986Z""","""2026-08-04T09:33:22.986Z""","0"
"""6a71b1e2132807b557ae1df5""","""6a71b1e2132807b557ae1df0""","Friday","09:00 AM","05:00 PM","30","""2026-08-04T09:33:22.988Z""","""2026-08-04T09:33:22.988Z""","0"
"""6a71b1e2132807b557ae1df6""","""6a71b1e2132807b557ae1df0""","Saturday","09:00 AM","05:00 PM","30","""2026-08-04T09:33:22.991Z""","""2026-08-04T09:33:22.991Z""","0"
"""6a71b1e2132807b557ae1df9""","""6a71b1e2132807b557ae1df8""","Monday","09:00 AM","05:00 PM","30","""2026-08-04T09:33:22.999Z""","""2026-08-04T09:33:22.999Z""","0"
"""6a71b1e3132807b557ae1dfa""","""6a71b1e2132807b557ae1df8""","Tuesday","09:00 AM","05:00 PM","30","""2026-08-04T09:33:23.001Z""","""2026-08-04T09:33:23.001Z""","0"
"""6a71b1e3132807b557ae1dfb""","""6a71b1e2132807b557ae1df8""","Wednesday","09:00 AM","05:00 PM","30","""2026-08-04T09:33:23.004Z""","""2026-08-04T09:33:23.004Z""","0"
"""6a71b1e3132807b557ae1dfc""","""6a71b1e2132807b557ae1df8""","Thursday","09:00 AM","05:00 PM","30","""2026-08-04T09:33:23.006Z""","""2026-08-04T09:33:23.006Z""","0"
"""6a71b1e3132807b557ae1dfd""","""6a71b1e2132807b557ae1df8""","Friday","09:00 AM","05:00 PM","30","""2026-08-04T09:33:23.009Z""","""2026-08-04T09:33:23.009Z""","0"
"""6a71b1e3132807b557ae1dfe""","""6a71b1e2132807b557ae1df8""","Saturday","09:00 AM","05:00 PM","30","""2026-08-04T09:33:23.012Z""","""2026-08-04T09:33:23.012Z""","0"
"""6a71b1e3132807b557ae1e01""","""6a71b1e3132807b557ae1e00""","Monday","09:00 AM","05:00 PM","30","""2026-08-04T09:33:23.021Z""","""2026-08-04T09:33:23.021Z""","0"
"""6a71b1e3132807b557ae1e02""","""6a71b1e3132807b557ae1e00""","Tuesday","09:00 AM","05:00 PM","30","""2026-08-04T09:33:23.024Z""","""2026-08-04T09:33:23.024Z""","0"
"""6a71b1e3132807b557ae1e03""","""6a71b1e3132807b557ae1e00""","Wednesday","09:00 AM","05:00 PM","30","""2026-08-04T09:33:23.026Z""","""2026-08-04T09:33:23.026Z""","0"
"""6a71b1e3132807b557ae1e04""","""6a71b1e3132807b557ae1e00""","Thursday","09:00 AM","05:00 PM","30","""2026-08-04T09:33:23.029Z""","""2026-08-04T09:33:23.029Z""","0"
"""6a71b1e3132807b557ae1e05""","""6a71b1e3132807b557ae1e00""","Friday","09:00 AM","05:00 PM","30","""2026-08-04T09:33:23.032Z""","""2026-08-04T09:33:23.032Z""","0"
"""6a71b1e3132807b557ae1e06""","""6a71b1e3132807b557ae1e00""","Saturday","09:00 AM","05:00 PM","30","""2026-08-04T09:33:23.035Z""","""2026-08-04T09:33:23.035Z""","0"
"""6a71b1e3132807b557ae1e09""","""6a71b1e3132807b557ae1e08""","Monday","09:00 AM","05:00 PM","30","""2026-08-04T09:33:23.043Z""","""2026-08-04T09:33:23.043Z""","0"
"""6a71b1e3132807b557ae1e0a""","""6a71b1e3132807b557ae1e08""","Tuesday","09:00 AM","05:00 PM","30","""2026-08-04T09:33:23.046Z""","""2026-08-04T09:33:23.046Z""","0"
"""6a71b1e3132807b557ae1e0b""","""6a71b1e3132807b557ae1e08""","Wednesday","09:00 AM","05:00 PM","30","""2026-08-04T09:33:23.048Z""","""2026-08-04T09:33:23.048Z""","0"
"""6a71b1e3132807b557ae1e0c""","""6a71b1e3132807b557ae1e08""","Thursday","09:00 AM","05:00 PM","30","""2026-08-04T09:33:23.051Z""","""2026-08-04T09:33:23.051Z""","0"
"""6a71b1e3132807b557ae1e0d""","""6a71b1e3132807b557ae1e08""","Friday","09:00 AM","05:00 PM","30","""2026-08-04T09:33:23.054Z""","""2026-08-04T09:33:23.054Z""","0"
"""6a71b1e3132807b557ae1e0e""","""6a71b1e3132807b557ae1e08""","Saturday","09:00 AM","05:00 PM","30","""2026-08-04T09:33:23.056Z""","""2026-08-04T09:33:23.056Z""","0"
"""6a71b1e3132807b557ae1e11""","""6a71b1e3132807b557ae1e10""","Monday","09:00 AM","05:00 PM","30","""2026-08-04T09:33:23.064Z""","""2026-08-04T09:33:23.064Z""","0"
"""6a71b1e3132807b557ae1e12""","""6a71b1e3132807b557ae1e10""","Tuesday","09:00 AM","05:00 PM","30","""2026-08-04T09:33:23.067Z""","""2026-08-04T09:33:23.067Z""","0"
"""6a71b1e3132807b557ae1e13""","""6a71b1e3132807b557ae1e10""","Wednesday","09:00 AM","05:00 PM","30","""2026-08-04T09:33:23.069Z""","""2026-08-04T09:33:23.069Z""","0"
"""6a71b1e3132807b557ae1e14""","""6a71b1e3132807b557ae1e10""","Thursday","09:00 AM","05:00 PM","30","""2026-08-04T09:33:23.071Z""","""2026-08-04T09:33:23.071Z""","0"
"""6a71b1e3132807b557ae1e15""","""6a71b1e3132807b557ae1e10""","Friday","09:00 AM","05:00 PM","30","""2026-08-04T09:33:23.074Z""","""2026-08-04T09:33:23.074Z""","0"
"""6a71b1e3132807b557ae1e16""","""6a71b1e3132807b557ae1e10""","Saturday","09:00 AM","05:00 PM","30","""2026-08-04T09:33:23.076Z""","""2026-08-04T09:33:23.076Z""","0"
"""6a71b1e3132807b557ae1e19""","""6a71b1e3132807b557ae1e18""","Monday","09:00 AM","05:00 PM","30","""2026-08-04T09:33:23.084Z""","""2026-08-04T09:33:23.084Z""","0"
"""6a71b1e3132807b557ae1e1a""","""6a71b1e3132807b557ae1e18""","Tuesday","09:00 AM","05:00 PM","30","""2026-08-04T09:33:23.087Z""","""2026-08-04T09:33:23.087Z""","0"
"""6a71b1e3132807b557ae1e1b""","""6a71b1e3132807b557ae1e18""","Wednesday","09:00 AM","05:00 PM","30","""2026-08-04T09:33:23.090Z""","""2026-08-04T09:33:23.090Z""","0"
"""6a71b1e3132807b557ae1e1c""","""6a71b1e3132807b557ae1e18""","Thursday","09:00 AM","05:00 PM","30","""2026-08-04T09:33:23.092Z""","""2026-08-04T09:33:23.092Z""","0"
"""6a71b1e3132807b557ae1e1d""","""6a71b1e3132807b557ae1e18""","Friday","09:00 AM","05:00 PM","30","""2026-08-04T09:33:23.095Z""","""2026-08-04T09:33:23.095Z""","0"
"""6a71b1e3132807b557ae1e1e""","""6a71b1e3132807b557ae1e18""","Saturday","09:00 AM","05:00 PM","30","""2026-08-04T09:33:23.098Z""","""2026-08-04T09:33:23.098Z""","0"
"""6a71b1e3132807b557ae1e21""","""6a71b1e3132807b557ae1e20""","Monday","09:00 AM","05:00 PM","30","""2026-08-04T09:33:23.107Z""","""2026-08-04T09:33:23.107Z""","0"
"""6a71b1e3132807b557ae1e22""","""6a71b1e3132807b557ae1e20""","Tuesday","09:00 AM","05:00 PM","30","""2026-08-04T09:33:23.109Z""","""2026-08-04T09:33:23.109Z""","0"
"""6a71b1e3132807b557ae1e23""","""6a71b1e3132807b557ae1e20""","Wednesday","09:00 AM","05:00 PM","30","""2026-08-04T09:33:23.112Z""","""2026-08-04T09:33:23.112Z""","0"
"""6a71b1e3132807b557ae1e24""","""6a71b1e3132807b557ae1e20""","Thursday","09:00 AM","05:00 PM","30","""2026-08-04T09:33:23.115Z""","""2026-08-04T09:33:23.115Z""","0"
"""6a71b1e3132807b557ae1e25""","""6a71b1e3132807b557ae1e20""","Friday","09:00 AM","05:00 PM","30","""2026-08-04T09:33:23.117Z""","""2026-08-04T09:33:23.117Z""","0"
"""6a71b1e3132807b557ae1e26""","""6a71b1e3132807b557ae1e20""","Saturday","09:00 AM","05:00 PM","30","""2026-08-04T09:33:23.120Z""","""2026-08-04T09:33:23.120Z""","0"
"""6a71b1e3132807b557ae1e29""","""6a71b1e3132807b557ae1e28""","Monday","09:00 AM","05:00 PM","30","""2026-08-04T09:33:23.128Z""","""2026-08-04T09:33:23.128Z""","0"
"""6a71b1e3132807b557ae1e2a""","""6a71b1e3132807b557ae1e28""","Tuesday","09:00 AM","05:00 PM","30","""2026-08-04T09:33:23.131Z""","""2026-08-04T09:33:23.131Z""","0"
"""6a71b1e3132807b557ae1e2b""","""6a71b1e3132807b557ae1e28""","Wednesday","09:00 AM","05:00 PM","30","""2026-08-04T09:33:23.134Z""","""2026-08-04T09:33:23.134Z""","0"
"""6a71b1e3132807b557ae1e2c""","""6a71b1e3132807b557ae1e28""","Thursday","09:00 AM","05:00 PM","30","""2026-08-04T09:33:23.137Z""","""2026-08-04T09:33:23.137Z""","0"
"""6a71b1e3132807b557ae1e2d""","""6a71b1e3132807b557ae1e28""","Friday","09:00 AM","05:00 PM","30","""2026-08-04T09:33:23.139Z""","""2026-08-04T09:33:23.139Z""","0"
"""6a71b1e3132807b557ae1e2e""","""6a71b1e3132807b557ae1e28""","Saturday","09:00 AM","05:00 PM","30","""2026-08-04T09:33:23.142Z""","""2026-08-04T09:33:23.142Z""","0"
"""6a71b1e3132807b557ae1e31""","""6a71b1e3132807b557ae1e30""","Monday","09:00 AM","05:00 PM","30","""2026-08-04T09:33:23.151Z""","""2026-08-04T09:33:23.151Z""","0"
"""6a71b1e3132807b557ae1e32""","""6a71b1e3132807b557ae1e30""","Tuesday","09:00 AM","05:00 PM","30","""2026-08-04T09:33:23.153Z""","""2026-08-04T09:33:23.153Z""","0"
"""6a71b1e3132807b557ae1e33""","""6a71b1e3132807b557ae1e30""","Wednesday","09:00 AM","05:00 PM","30","""2026-08-04T09:33:23.156Z""","""2026-08-04T09:33:23.156Z""","0"
"""6a71b1e3132807b557ae1e34""","""6a71b1e3132807b557ae1e30""","Thursday","09:00 AM","05:00 PM","30","""2026-08-04T09:33:23.158Z""","""2026-08-04T09:33:23.158Z""","0"
"""6a71b1e3132807b557ae1e35""","""6a71b1e3132807b557ae1e30""","Friday","09:00 AM","05:00 PM","30","""2026-08-04T09:33:23.160Z""","""2026-08-04T09:33:23.160Z""","0"
"""6a71b1e3132807b557ae1e36""","""6a71b1e3132807b557ae1e30""","Saturday","09:00 AM","05:00 PM","30","""2026-08-04T09:33:23.163Z""","""2026-08-04T09:33:23.163Z""","0"
"""6a71b1e3132807b557ae1e39""","""6a71b1e3132807b557ae1e38""","Monday","09:00 AM","05:00 PM","30","""2026-08-04T09:33:23.172Z""","""2026-08-04T09:33:23.172Z""","0"
"""6a71b1e3132807b557ae1e3a""","""6a71b1e3132807b557ae1e38""","Tuesday","09:00 AM","05:00 PM","30","""2026-08-04T09:33:23.175Z""","""2026-08-04T09:33:23.175Z""","0"
"""6a71b1e3132807b557ae1e3b""","""6a71b1e3132807b557ae1e38""","Wednesday","09:00 AM","05:00 PM","30","""2026-08-04T09:33:23.178Z""","""2026-08-04T09:33:23.178Z""","0"
"""6a71b1e3132807b557ae1e3c""","""6a71b1e3132807b557ae1e38""","Thursday","09:00 AM","05:00 PM","30","""2026-08-04T09:33:23.181Z""","""2026-08-04T09:33:23.181Z""","0"
"""6a71b1e3132807b557ae1e3d""","""6a71b1e3132807b557ae1e38""","Friday","09:00 AM","05:00 PM","30","""2026-08-04T09:33:23.184Z""","""2026-08-04T09:33:23.184Z""","0"
"""6a71b1e3132807b557ae1e3e""","""6a71b1e3132807b557ae1e38""","Saturday","09:00 AM","05:00 PM","30","""2026-08-04T09:33:23.186Z""","""2026-08-04T09:33:23.186Z""","0"
"""6a71b1e3132807b557ae1e41""","""6a71b1e3132807b557ae1e40""","Monday","09:00 AM","05:00 PM","30","""2026-08-04T09:33:23.194Z""","""2026-08-04T09:33:23.194Z""","0"
"""6a71b1e3132807b557ae1e42""","""6a71b1e3132807b557ae1e40""","Tuesday","09:00 AM","05:00 PM","30","""2026-08-04T09:33:23.198Z""","""2026-08-04T09:33:23.198Z""","0"
"""6a71b1e3132807b557ae1e43""","""6a71b1e3132807b557ae1e40""","Wednesday","09:00 AM","05:00 PM","30","""2026-08-04T09:33:23.201Z""","""2026-08-04T09:33:23.201Z""","0"
"""6a71b1e3132807b557ae1e44""","""6a71b1e3132807b557ae1e40""","Thursday","09:00 AM","05:00 PM","30","""2026-08-04T09:33:23.203Z""","""2026-08-04T09:33:23.203Z""","0"
"""6a71b1e3132807b557ae1e45""","""6a71b1e3132807b557ae1e40""","Friday","09:00 AM","05:00 PM","30","""2026-08-04T09:33:23.206Z""","""2026-08-04T09:33:23.206Z""","0"
"""6a71b1e3132807b557ae1e46""","""6a71b1e3132807b557ae1e40""","Saturday","09:00 AM","05:00 PM","30","""2026-08-04T09:33:23.209Z""","""2026-08-04T09:33:23.209Z""","0"
"""6a71b1e3132807b557ae1e49""","""6a71b1e3132807b557ae1e48""","Monday","09:00 AM","05:00 PM","30","""2026-08-04T09:33:23.218Z""","""2026-08-04T09:33:23.218Z""","0"
"""6a71b1e3132807b557ae1e4a""","""6a71b1e3132807b557ae1e48""","Tuesday","09:00 AM","05:00 PM","30","""2026-08-04T09:33:23.221Z""","""2026-08-04T09:33:23.221Z""","0"
"""6a71b1e3132807b557ae1e4b""","""6a71b1e3132807b557ae1e48""","Wednesday","09:00 AM","05:00 PM","30","""2026-08-04T09:33:23.223Z""","""2026-08-04T09:33:23.223Z""","0"
"""6a71b1e3132807b557ae1e4c""","""6a71b1e3132807b557ae1e48""","Thursday","09:00 AM","05:00 PM","30","""2026-08-04T09:33:23.225Z""","""2026-08-04T09:33:23.225Z""","0"
"""6a71b1e3132807b557ae1e4d""","""6a71b1e3132807b557ae1e48""","Friday","09:00 AM","05:00 PM","30","""2026-08-04T09:33:23.228Z""","""2026-08-04T09:33:23.228Z""","0"
"""6a71b1e3132807b557ae1e4e""","""6a71b1e3132807b557ae1e48""","Saturday","09:00 AM","05:00 PM","30","""2026-08-04T09:33:23.231Z""","""2026-08-04T09:33:23.231Z""","0"
"""6a71b1e3132807b557ae1e51""","""6a71b1e3132807b557ae1e50""","Monday","09:00 AM","05:00 PM","30","""2026-08-04T09:33:23.239Z""","""2026-08-04T09:33:23.239Z""","0"
"""6a71b1e3132807b557ae1e52""","""6a71b1e3132807b557ae1e50""","Tuesday","09:00 AM","05:00 PM","30","""2026-08-04T09:33:23.241Z""","""2026-08-04T09:33:23.241Z""","0"
"""6a71b1e3132807b557ae1e53""","""6a71b1e3132807b557ae1e50""","Wednesday","09:00 AM","05:00 PM","30","""2026-08-04T09:33:23.243Z""","""2026-08-04T09:33:23.243Z""","0"
"""6a71b1e3132807b557ae1e54""","""6a71b1e3132807b557ae1e50""","Thursday","09:00 AM","05:00 PM","30","""2026-08-04T09:33:23.247Z""","""2026-08-04T09:33:23.247Z""","0"
"""6a71b1e3132807b557ae1e55""","""6a71b1e3132807b557ae1e50""","Friday","09:00 AM","05:00 PM","30","""2026-08-04T09:33:23.250Z""","""2026-08-04T09:33:23.250Z""","0"
"""6a71b1e3132807b557ae1e56""","""6a71b1e3132807b557ae1e50""","Saturday","09:00 AM","05:00 PM","30","""2026-08-04T09:33:23.252Z""","""2026-08-04T09:33:23.252Z""","0"
"""6a71b1e3132807b557ae1e59""","""6a71b1e3132807b557ae1e58""","Monday","09:00 AM","05:00 PM","30","""2026-08-04T09:33:23.259Z""","""2026-08-04T09:33:23.259Z""","0"
"""6a71b1e3132807b557ae1e5a""","""6a71b1e3132807b557ae1e58""","Tuesday","09:00 AM","05:00 PM","30","""2026-08-04T09:33:23.262Z""","""2026-08-04T09:33:23.262Z""","0"
"""6a71b1e3132807b557ae1e5b""","""6a71b1e3132807b557ae1e58""","Wednesday","09:00 AM","05:00 PM","30","""2026-08-04T09:33:23.265Z""","""2026-08-04T09:33:23.265Z""","0"
"""6a71b1e3132807b557ae1e5c""","""6a71b1e3132807b557ae1e58""","Thursday","09:00 AM","05:00 PM","30","""2026-08-04T09:33:23.268Z""","""2026-08-04T09:33:23.268Z""","0"
"""6a71b1e3132807b557ae1e5d""","""6a71b1e3132807b557ae1e58""","Friday","09:00 AM","05:00 PM","30","""2026-08-04T09:33:23.270Z""","""2026-08-04T09:33:23.270Z""","0"
"""6a71b1e3132807b557ae1e5e""","""6a71b1e3132807b557ae1e58""","Saturday","09:00 AM","05:00 PM","30","""2026-08-04T09:33:23.273Z""","""2026-08-04T09:33:23.273Z""","0"
"""6a71b1e3132807b557ae1e61""","""6a71b1e3132807b557ae1e60""","Monday","09:00 AM","05:00 PM","30","""2026-08-04T09:33:23.281Z""","""2026-08-04T09:33:23.281Z""","0"
"""6a71b1e3132807b557ae1e62""","""6a71b1e3132807b557ae1e60""","Tuesday","09:00 AM","05:00 PM","30","""2026-08-04T09:33:23.283Z""","""2026-08-04T09:33:23.283Z""","0"
"""6a71b1e3132807b557ae1e63""","""6a71b1e3132807b557ae1e60""","Wednesday","09:00 AM","05:00 PM","30","""2026-08-04T09:33:23.286Z""","""2026-08-04T09:33:23.286Z""","0"
"""6a71b1e3132807b557ae1e64""","""6a71b1e3132807b557ae1e60""","Thursday","09:00 AM","05:00 PM","30","""2026-08-04T09:33:23.289Z""","""2026-08-04T09:33:23.289Z""","0"
"""6a71b1e3132807b557ae1e65""","""6a71b1e3132807b557ae1e60""","Friday","09:00 AM","05:00 PM","30","""2026-08-04T09:33:23.291Z""","""2026-08-04T09:33:23.291Z""","0"
"""6a71b1e3132807b557ae1e66""","""6a71b1e3132807b557ae1e60""","Saturday","09:00 AM","05:00 PM","30","""2026-08-04T09:33:23.294Z""","""2026-08-04T09:33:23.294Z""","0"
"""6a71b1e3132807b557ae1e69""","""6a71b1e3132807b557ae1e68""","Monday","09:00 AM","05:00 PM","30","""2026-08-04T09:33:23.302Z""","""2026-08-04T09:33:23.302Z""","0"
"""6a71b1e3132807b557ae1e6a""","""6a71b1e3132807b557ae1e68""","Tuesday","09:00 AM","05:00 PM","30","""2026-08-04T09:33:23.304Z""","""2026-08-04T09:33:23.304Z""","0"
"""6a71b1e3132807b557ae1e6b""","""6a71b1e3132807b557ae1e68""","Wednesday","09:00 AM","05:00 PM","30","""2026-08-04T09:33:23.307Z""","""2026-08-04T09:33:23.307Z""","0"
"""6a71b1e3132807b557ae1e6c""","""6a71b1e3132807b557ae1e68""","Thursday","09:00 AM","05:00 PM","30","""2026-08-04T09:33:23.310Z""","""2026-08-04T09:33:23.310Z""","0"
"""6a71b1e3132807b557ae1e6d""","""6a71b1e3132807b557ae1e68""","Friday","09:00 AM","05:00 PM","30","""2026-08-04T09:33:23.312Z""","""2026-08-04T09:33:23.312Z""","0"
"""6a71b1e3132807b557ae1e6e""","""6a71b1e3132807b557ae1e68""","Saturday","09:00 AM","05:00 PM","30","""2026-08-04T09:33:23.315Z""","""2026-08-04T09:33:23.315Z""","0"
"""6a71b1e3132807b557ae1e71""","""6a71b1e3132807b557ae1e70""","Monday","09:00 AM","05:00 PM","30","""2026-08-04T09:33:23.323Z""","""2026-08-04T09:33:23.323Z""","0"
"""6a71b1e3132807b557ae1e72""","""6a71b1e3132807b557ae1e70""","Tuesday","09:00 AM","05:00 PM","30","""2026-08-04T09:33:23.326Z""","""2026-08-04T09:33:23.326Z""","0"
"""6a71b1e3132807b557ae1e73""","""6a71b1e3132807b557ae1e70""","Wednesday","09:00 AM","05:00 PM","30","""2026-08-04T09:33:23.328Z""","""2026-08-04T09:33:23.328Z""","0"
"""6a71b1e3132807b557ae1e74""","""6a71b1e3132807b557ae1e70""","Thursday","09:00 AM","05:00 PM","30","""2026-08-04T09:33:23.330Z""","""2026-08-04T09:33:23.330Z""","0"
"""6a71b1e3132807b557ae1e75""","""6a71b1e3132807b557ae1e70""","Friday","09:00 AM","05:00 PM","30","""2026-08-04T09:33:23.333Z""","""2026-08-04T09:33:23.333Z""","0"
"""6a71b1e3132807b557ae1e76""","""6a71b1e3132807b557ae1e70""","Saturday","09:00 AM","05:00 PM","30","""2026-08-04T09:33:23.336Z""","""2026-08-04T09:33:23.336Z""","0"
"""6a71b1e3132807b557ae1e79""","""6a71b1e3132807b557ae1e78""","Monday","09:00 AM","05:00 PM","30","""2026-08-04T09:33:23.344Z""","""2026-08-04T09:33:23.344Z""","0"
"""6a71b1e3132807b557ae1e7a""","""6a71b1e3132807b557ae1e78""","Tuesday","09:00 AM","05:00 PM","30","""2026-08-04T09:33:23.347Z""","""2026-08-04T09:33:23.347Z""","0"
"""6a71b1e3132807b557ae1e7b""","""6a71b1e3132807b557ae1e78""","Wednesday","09:00 AM","05:00 PM","30","""2026-08-04T09:33:23.350Z""","""2026-08-04T09:33:23.350Z""","0"
"""6a71b1e3132807b557ae1e7c""","""6a71b1e3132807b557ae1e78""","Thursday","09:00 AM","05:00 PM","30","""2026-08-04T09:33:23.353Z""","""2026-08-04T09:33:23.353Z""","0"
"""6a71b1e3132807b557ae1e7d""","""6a71b1e3132807b557ae1e78""","Friday","09:00 AM","05:00 PM","30","""2026-08-04T09:33:23.355Z""","""2026-08-04T09:33:23.355Z""","0"
"""6a71b1e3132807b557ae1e7e""","""6a71b1e3132807b557ae1e78""","Saturday","09:00 AM","05:00 PM","30","""2026-08-04T09:33:23.358Z""","""2026-08-04T09:33:23.358Z""","0"
"""6a71b1e3132807b557ae1e81""","""6a71b1e3132807b557ae1e80""","Monday","09:00 AM","05:00 PM","30","""2026-08-04T09:33:23.365Z""","""2026-08-04T09:33:23.365Z""","0"
"""6a71b1e3132807b557ae1e82""","""6a71b1e3132807b557ae1e80""","Tuesday","09:00 AM","05:00 PM","30","""2026-08-04T09:33:23.368Z""","""2026-08-04T09:33:23.368Z""","0"
"""6a71b1e3132807b557ae1e83""","""6a71b1e3132807b557ae1e80""","Wednesday","09:00 AM","05:00 PM","30","""2026-08-04T09:33:23.371Z""","""2026-08-04T09:33:23.371Z""","0"
"""6a71b1e3132807b557ae1e84""","""6a71b1e3132807b557ae1e80""","Thursday","09:00 AM","05:00 PM","30","""2026-08-04T09:33:23.373Z""","""2026-08-04T09:33:23.373Z""","0"
"""6a71b1e3132807b557ae1e85""","""6a71b1e3132807b557ae1e80""","Friday","09:00 AM","05:00 PM","30","""2026-08-04T09:33:23.376Z""","""2026-08-04T09:33:23.376Z""","0"
"""6a71b1e3132807b557ae1e86""","""6a71b1e3132807b557ae1e80""","Saturday","09:00 AM","05:00 PM","30","""2026-08-04T09:33:23.378Z""","""2026-08-04T09:33:23.378Z""","0"
"""6a71b1e3132807b557ae1e89""","""6a71b1e3132807b557ae1e88""","Monday","09:00 AM","05:00 PM","30","""2026-08-04T09:33:23.386Z""","""2026-08-04T09:33:23.386Z""","0"
"""6a71b1e3132807b557ae1e8a""","""6a71b1e3132807b557ae1e88""","Tuesday","09:00 AM","05:00 PM","30","""2026-08-04T09:33:23.389Z""","""2026-08-04T09:33:23.389Z""","0"
"""6a71b1e3132807b557ae1e8b""","""6a71b1e3132807b557ae1e88""","Wednesday","09:00 AM","05:00 PM","30","""2026-08-04T09:33:23.391Z""","""2026-08-04T09:33:23.391Z""","0"
"""6a71b1e3132807b557ae1e8c""","""6a71b1e3132807b557ae1e88""","Thursday","09:00 AM","05:00 PM","30","""2026-08-04T09:33:23.394Z""","""2026-08-04T09:33:23.394Z""","0"
"""6a71b1e3132807b557ae1e8d""","""6a71b1e3132807b557ae1e88""","Friday","09:00 AM","05:00 PM","30","""2026-08-04T09:33:23.396Z""","""2026-08-04T09:33:23.396Z""","0"
"""6a71b1e3132807b557ae1e8e""","""6a71b1e3132807b557ae1e88""","Saturday","09:00 AM","05:00 PM","30","""2026-08-04T09:33:23.399Z""","""2026-08-04T09:33:23.399Z""","0"
"""6a71b1e3132807b557ae1e91""","""6a71b1e3132807b557ae1e90""","Monday","09:00 AM","05:00 PM","30","""2026-08-04T09:33:23.407Z""","""2026-08-04T09:33:23.407Z""","0"
"""6a71b1e3132807b557ae1e92""","""6a71b1e3132807b557ae1e90""","Tuesday","09:00 AM","05:00 PM","30","""2026-08-04T09:33:23.409Z""","""2026-08-04T09:33:23.409Z""","0"
"""6a71b1e3132807b557ae1e93""","""6a71b1e3132807b557ae1e90""","Wednesday","09:00 AM","05:00 PM","30","""2026-08-04T09:33:23.412Z""","""2026-08-04T09:33:23.412Z""","0"
"""6a71b1e3132807b557ae1e94""","""6a71b1e3132807b557ae1e90""","Thursday","09:00 AM","05:00 PM","30","""2026-08-04T09:33:23.414Z""","""2026-08-04T09:33:23.414Z""","0"
"""6a71b1e3132807b557ae1e95""","""6a71b1e3132807b557ae1e90""","Friday","09:00 AM","05:00 PM","30","""2026-08-04T09:33:23.417Z""","""2026-08-04T09:33:23.417Z""","0"
"""6a71b1e3132807b557ae1e96""","""6a71b1e3132807b557ae1e90""","Saturday","09:00 AM","05:00 PM","30","""2026-08-04T09:33:23.419Z""","""2026-08-04T09:33:23.419Z""","0"
"""6a71b1e3132807b557ae1e99""","""6a71b1e3132807b557ae1e98""","Monday","09:00 AM","05:00 PM","30","""2026-08-04T09:33:23.427Z""","""2026-08-04T09:33:23.427Z""","0"
"""6a71b1e3132807b557ae1e9a""","""6a71b1e3132807b557ae1e98""","Tuesday","09:00 AM","05:00 PM","30","""2026-08-04T09:33:23.429Z""","""2026-08-04T09:33:23.429Z""","0"
"""6a71b1e3132807b557ae1e9b""","""6a71b1e3132807b557ae1e98""","Wednesday","09:00 AM","05:00 PM","30","""2026-08-04T09:33:23.432Z""","""2026-08-04T09:33:23.432Z""","0"
"""6a71b1e3132807b557ae1e9c""","""6a71b1e3132807b557ae1e98""","Thursday","09:00 AM","05:00 PM","30","""2026-08-04T09:33:23.434Z""","""2026-08-04T09:33:23.434Z""","0"
"""6a71b1e3132807b557ae1e9d""","""6a71b1e3132807b557ae1e98""","Friday","09:00 AM","05:00 PM","30","""2026-08-04T09:33:23.437Z""","""2026-08-04T09:33:23.437Z""","0"
"""6a71b1e3132807b557ae1e9e""","""6a71b1e3132807b557ae1e98""","Saturday","09:00 AM","05:00 PM","30","""2026-08-04T09:33:23.439Z""","""2026-08-04T09:33:23.439Z""","0"
"""6a71b1e3132807b557ae1ea1""","""6a71b1e3132807b557ae1ea0""","Monday","09:00 AM","05:00 PM","30","""2026-08-04T09:33:23.447Z""","""2026-08-04T09:33:23.447Z""","0"
"""6a71b1e3132807b557ae1ea2""","""6a71b1e3132807b557ae1ea0""","Tuesday","09:00 AM","05:00 PM","30","""2026-08-04T09:33:23.450Z""","""2026-08-04T09:33:23.450Z""","0"
"""6a71b1e3132807b557ae1ea3""","""6a71b1e3132807b557ae1ea0""","Wednesday","09:00 AM","05:00 PM","30","""2026-08-04T09:33:23.452Z""","""2026-08-04T09:33:23.452Z""","0"
"""6a71b1e3132807b557ae1ea4""","""6a71b1e3132807b557ae1ea0""","Thursday","09:00 AM","05:00 PM","30","""2026-08-04T09:33:23.455Z""","""2026-08-04T09:33:23.455Z""","0"
"""6a71b1e3132807b557ae1ea5""","""6a71b1e3132807b557ae1ea0""","Friday","09:00 AM","05:00 PM","30","""2026-08-04T09:33:23.457Z""","""2026-08-04T09:33:23.457Z""","0"
"""6a71b1e3132807b557ae1ea6""","""6a71b1e3132807b557ae1ea0""","Saturday","09:00 AM","05:00 PM","30","""2026-08-04T09:33:23.459Z""","""2026-08-04T09:33:23.459Z""","0"
"""6a71b1e3132807b557ae1ea9""","""6a71b1e3132807b557ae1ea8""","Monday","09:00 AM","05:00 PM","30","""2026-08-04T09:33:23.468Z""","""2026-08-04T09:33:23.468Z""","0"
"""6a71b1e3132807b557ae1eaa""","""6a71b1e3132807b557ae1ea8""","Tuesday","09:00 AM","05:00 PM","30","""2026-08-04T09:33:23.470Z""","""2026-08-04T09:33:23.470Z""","0"
"""6a71b1e3132807b557ae1eab""","""6a71b1e3132807b557ae1ea8""","Wednesday","09:00 AM","05:00 PM","30","""2026-08-04T09:33:23.473Z""","""2026-08-04T09:33:23.473Z""","0"
"""6a71b1e3132807b557ae1eac""","""6a71b1e3132807b557ae1ea8""","Thursday","09:00 AM","05:00 PM","30","""2026-08-04T09:33:23.475Z""","""2026-08-04T09:33:23.475Z""","0"
"""6a71b1e3132807b557ae1ead""","""6a71b1e3132807b557ae1ea8""","Friday","09:00 AM","05:00 PM","30","""2026-08-04T09:33:23.478Z""","""2026-08-04T09:33:23.478Z""","0"
"""6a71b1e3132807b557ae1eae""","""6a71b1e3132807b557ae1ea8""","Saturday","09:00 AM","05:00 PM","30","""2026-08-04T09:33:23.480Z""","""2026-08-04T09:33:23.480Z""","0"
"""6a71b1e3132807b557ae1eb1""","""6a71b1e3132807b557ae1eb0""","Monday","09:00 AM","05:00 PM","30","""2026-08-04T09:33:23.488Z""","""2026-08-04T09:33:23.488Z""","0"
"""6a71b1e3132807b557ae1eb2""","""6a71b1e3132807b557ae1eb0""","Tuesday","09:00 AM","05:00 PM","30","""2026-08-04T09:33:23.490Z""","""2026-08-04T09:33:23.490Z""","0"
"""6a71b1e3132807b557ae1eb3""","""6a71b1e3132807b557ae1eb0""","Wednesday","09:00 AM","05:00 PM","30","""2026-08-04T09:33:23.493Z""","""2026-08-04T09:33:23.493Z""","0"
"""6a71b1e3132807b557ae1eb4""","""6a71b1e3132807b557ae1eb0""","Thursday","09:00 AM","05:00 PM","30","""2026-08-04T09:33:23.495Z""","""2026-08-04T09:33:23.495Z""","0"
"""6a71b1e3132807b557ae1eb5""","""6a71b1e3132807b557ae1eb0""","Friday","09:00 AM","05:00 PM","30","""2026-08-04T09:33:23.497Z""","""2026-08-04T09:33:23.497Z""","0"
"""6a71b1e3132807b557ae1eb6""","""6a71b1e3132807b557ae1eb0""","Saturday","09:00 AM","05:00 PM","30","""2026-08-04T09:33:23.501Z""","""2026-08-04T09:33:23.501Z""","0"
"""6a71b1e3132807b557ae1eb9""","""6a71b1e3132807b557ae1eb8""","Monday","09:00 AM","05:00 PM","30","""2026-08-04T09:33:23.510Z""","""2026-08-04T09:33:23.510Z""","0"
"""6a71b1e3132807b557ae1eba""","""6a71b1e3132807b557ae1eb8""","Tuesday","09:00 AM","05:00 PM","30","""2026-08-04T09:33:23.513Z""","""2026-08-04T09:33:23.513Z""","0"
"""6a71b1e3132807b557ae1ebb""","""6a71b1e3132807b557ae1eb8""","Wednesday","09:00 AM","05:00 PM","30","""2026-08-04T09:33:23.516Z""","""2026-08-04T09:33:23.516Z""","0"
"""6a71b1e3132807b557ae1ebc""","""6a71b1e3132807b557ae1eb8""","Thursday","09:00 AM","05:00 PM","30","""2026-08-04T09:33:23.519Z""","""2026-08-04T09:33:23.519Z""","0"
"""6a71b1e3132807b557ae1ebd""","""6a71b1e3132807b557ae1eb8""","Friday","09:00 AM","05:00 PM","30","""2026-08-04T09:33:23.521Z""","""2026-08-04T09:33:23.521Z""","0"
"""6a71b1e3132807b557ae1ebe""","""6a71b1e3132807b557ae1eb8""","Saturday","09:00 AM","05:00 PM","30","""2026-08-04T09:33:23.524Z""","""2026-08-04T09:33:23.524Z""","0"
"""6a71b1e3132807b557ae1ec1""","""6a71b1e3132807b557ae1ec0""","Monday","09:00 AM","05:00 PM","30","""2026-08-04T09:33:23.532Z""","""2026-08-04T09:33:23.532Z""","0"
"""6a71b1e3132807b557ae1ec2""","""6a71b1e3132807b557ae1ec0""","Tuesday","09:00 AM","05:00 PM","30","""2026-08-04T09:33:23.535Z""","""2026-08-04T09:33:23.535Z""","0"
"""6a71b1e3132807b557ae1ec3""","""6a71b1e3132807b557ae1ec0""","Wednesday","09:00 AM","05:00 PM","30","""2026-08-04T09:33:23.537Z""","""2026-08-04T09:33:23.537Z""","0"
"""6a71b1e3132807b557ae1ec4""","""6a71b1e3132807b557ae1ec0""","Thursday","09:00 AM","05:00 PM","30","""2026-08-04T09:33:23.539Z""","""2026-08-04T09:33:23.539Z""","0"
"""6a71b1e3132807b557ae1ec5""","""6a71b1e3132807b557ae1ec0""","Friday","09:00 AM","05:00 PM","30","""2026-08-04T09:33:23.541Z""","""2026-08-04T09:33:23.541Z""","0"
"""6a71b1e3132807b557ae1ec6""","""6a71b1e3132807b557ae1ec0""","Saturday","09:00 AM","05:00 PM","30","""2026-08-04T09:33:23.544Z""","""2026-08-04T09:33:23.544Z""","0"
"""6a71b1e3132807b557ae1ec9""","""6a71b1e3132807b557ae1ec8""","Monday","09:00 AM","05:00 PM","30","""2026-08-04T09:33:23.553Z""","""2026-08-04T09:33:23.553Z""","0"
"""6a71b1e3132807b557ae1eca""","""6a71b1e3132807b557ae1ec8""","Tuesday","09:00 AM","05:00 PM","30","""2026-08-04T09:33:23.555Z""","""2026-08-04T09:33:23.555Z""","0"
"""6a71b1e3132807b557ae1ecb""","""6a71b1e3132807b557ae1ec8""","Wednesday","09:00 AM","05:00 PM","30","""2026-08-04T09:33:23.558Z""","""2026-08-04T09:33:23.558Z""","0"
"""6a71b1e3132807b557ae1ecc""","""6a71b1e3132807b557ae1ec8""","Thursday","09:00 AM","05:00 PM","30","""2026-08-04T09:33:23.560Z""","""2026-08-04T09:33:23.560Z""","0"
"""6a71b1e3132807b557ae1ecd""","""6a71b1e3132807b557ae1ec8""","Friday","09:00 AM","05:00 PM","30","""2026-08-04T09:33:23.563Z""","""2026-08-04T09:33:23.563Z""","0"
"""6a71b1e3132807b557ae1ece""","""6a71b1e3132807b557ae1ec8""","Saturday","09:00 AM","05:00 PM","30","""2026-08-04T09:33:23.567Z""","""2026-08-04T09:33:23.567Z""","0"
"""6a71b1e3132807b557ae1ed1""","""6a71b1e3132807b557ae1ed0""","Monday","09:00 AM","05:00 PM","30","""2026-08-04T09:33:23.574Z""","""2026-08-04T09:33:23.574Z""","0"
"""6a71b1e3132807b557ae1ed2""","""6a71b1e3132807b557ae1ed0""","Tuesday","09:00 AM","05:00 PM","30","""2026-08-04T09:33:23.578Z""","""2026-08-04T09:33:23.578Z""","0"
"""6a71b1e3132807b557ae1ed3""","""6a71b1e3132807b557ae1ed0""","Wednesday","09:00 AM","05:00 PM","30","""2026-08-04T09:33:23.581Z""","""2026-08-04T09:33:23.581Z""","0"
"""6a71b1e3132807b557ae1ed4""","""6a71b1e3132807b557ae1ed0""","Thursday","09:00 AM","05:00 PM","30","""2026-08-04T09:33:23.584Z""","""2026-08-04T09:33:23.584Z""","0"
"""6a71b1e3132807b557ae1ed5""","""6a71b1e3132807b557ae1ed0""","Friday","09:00 AM","05:00 PM","30","""2026-08-04T09:33:23.587Z""","""2026-08-04T09:33:23.587Z""","0"
"""6a71b1e3132807b557ae1ed6""","""6a71b1e3132807b557ae1ed0""","Saturday","09:00 AM","05:00 PM","30","""2026-08-04T09:33:23.589Z""","""2026-08-04T09:33:23.589Z""","0"
"""6a71b1e3132807b557ae1ed9""","""6a71b1e3132807b557ae1ed8""","Monday","09:00 AM","05:00 PM","30","""2026-08-04T09:33:23.597Z""","""2026-08-04T09:33:23.597Z""","0"
"""6a71b1e3132807b557ae1eda""","""6a71b1e3132807b557ae1ed8""","Tuesday","09:00 AM","05:00 PM","30","""2026-08-04T09:33:23.600Z""","""2026-08-04T09:33:23.600Z""","0"
"""6a71b1e3132807b557ae1edb""","""6a71b1e3132807b557ae1ed8""","Wednesday","09:00 AM","05:00 PM","30","""2026-08-04T09:33:23.603Z""","""2026-08-04T09:33:23.603Z""","0"
"""6a71b1e3132807b557ae1edc""","""6a71b1e3132807b557ae1ed8""","Thursday","09:00 AM","05:00 PM","30","""2026-08-04T09:33:23.605Z""","""2026-08-04T09:33:23.605Z""","0"
"""6a71b1e3132807b557ae1edd""","""6a71b1e3132807b557ae1ed8""","Friday","09:00 AM","05:00 PM","30","""2026-08-04T09:33:23.608Z""","""2026-08-04T09:33:23.608Z""","0"
"""6a71b1e3132807b557ae1ede""","""6a71b1e3132807b557ae1ed8""","Saturday","09:00 AM","05:00 PM","30","""2026-08-04T09:33:23.610Z""","""2026-08-04T09:33:23.610Z""","0"
"""6a71b1e3132807b557ae1ee1""","""6a71b1e3132807b557ae1ee0""","Monday","09:00 AM","05:00 PM","30","""2026-08-04T09:33:23.618Z""","""2026-08-04T09:33:23.618Z""","0"
"""6a71b1e3132807b557ae1ee2""","""6a71b1e3132807b557ae1ee0""","Tuesday","09:00 AM","05:00 PM","30","""2026-08-04T09:33:23.621Z""","""2026-08-04T09:33:23.621Z""","0"
"""6a71b1e3132807b557ae1ee3""","""6a71b1e3132807b557ae1ee0""","Wednesday","09:00 AM","05:00 PM","30","""2026-08-04T09:33:23.623Z""","""2026-08-04T09:33:23.623Z""","0"
"""6a71b1e3132807b557ae1ee4""","""6a71b1e3132807b557ae1ee0""","Thursday","09:00 AM","05:00 PM","30","""2026-08-04T09:33:23.626Z""","""2026-08-04T09:33:23.626Z""","0"
"""6a71b1e3132807b557ae1ee5""","""6a71b1e3132807b557ae1ee0""","Friday","09:00 AM","05:00 PM","30","""2026-08-04T09:33:23.628Z""","""2026-08-04T09:33:23.628Z""","0"
"""6a71b1e3132807b557ae1ee6""","""6a71b1e3132807b557ae1ee0""","Saturday","09:00 AM","05:00 PM","30","""2026-08-04T09:33:23.631Z""","""2026-08-04T09:33:23.631Z""","0"
"""6a71b1e3132807b557ae1ee9""","""6a71b1e3132807b557ae1ee8""","Monday","09:00 AM","05:00 PM","30","""2026-08-04T09:33:23.639Z""","""2026-08-04T09:33:23.639Z""","0"
"""6a71b1e3132807b557ae1eea""","""6a71b1e3132807b557ae1ee8""","Tuesday","09:00 AM","05:00 PM","30","""2026-08-04T09:33:23.642Z""","""2026-08-04T09:33:23.642Z""","0"
"""6a71b1e3132807b557ae1eeb""","""6a71b1e3132807b557ae1ee8""","Wednesday","09:00 AM","05:00 PM","30","""2026-08-04T09:33:23.644Z""","""2026-08-04T09:33:23.644Z""","0"
"""6a71b1e3132807b557ae1eec""","""6a71b1e3132807b557ae1ee8""","Thursday","09:00 AM","05:00 PM","30","""2026-08-04T09:33:23.646Z""","""2026-08-04T09:33:23.646Z""","0"
"""6a71b1e3132807b557ae1eed""","""6a71b1e3132807b557ae1ee8""","Friday","09:00 AM","05:00 PM","30","""2026-08-04T09:33:23.649Z""","""2026-08-04T09:33:23.649Z""","0"
"""6a71b1e3132807b557ae1eee""","""6a71b1e3132807b557ae1ee8""","Saturday","09:00 AM","05:00 PM","30","""2026-08-04T09:33:23.652Z""","""2026-08-04T09:33:23.652Z""","0"
"""6a71b1e3132807b557ae1ef1""","""6a71b1e3132807b557ae1ef0""","Monday","09:00 AM","05:00 PM","30","""2026-08-04T09:33:23.660Z""","""2026-08-04T09:33:23.660Z""","0"
"""6a71b1e3132807b557ae1ef2""","""6a71b1e3132807b557ae1ef0""","Tuesday","09:00 AM","05:00 PM","30","""2026-08-04T09:33:23.662Z""","""2026-08-04T09:33:23.662Z""","0"
"""6a71b1e3132807b557ae1ef3""","""6a71b1e3132807b557ae1ef0""","Wednesday","09:00 AM","05:00 PM","30","""2026-08-04T09:33:23.665Z""","""2026-08-04T09:33:23.665Z""","0"
"""6a71b1e3132807b557ae1ef4""","""6a71b1e3132807b557ae1ef0""","Thursday","09:00 AM","05:00 PM","30","""2026-08-04T09:33:23.668Z""","""2026-08-04T09:33:23.668Z""","0"
"""6a71b1e3132807b557ae1ef5""","""6a71b1e3132807b557ae1ef0""","Friday","09:00 AM","05:00 PM","30","""2026-08-04T09:33:23.671Z""","""2026-08-04T09:33:23.671Z""","0"
"""6a71b1e3132807b557ae1ef6""","""6a71b1e3132807b557ae1ef0""","Saturday","09:00 AM","05:00 PM","30","""2026-08-04T09:33:23.674Z""","""2026-08-04T09:33:23.674Z""","0"
"""6a71b1e3132807b557ae1ef9""","""6a71b1e3132807b557ae1ef8""","Monday","09:00 AM","05:00 PM","30","""2026-08-04T09:33:23.682Z""","""2026-08-04T09:33:23.682Z""","0"
"""6a71b1e3132807b557ae1efa""","""6a71b1e3132807b557ae1ef8""","Tuesday","09:00 AM","05:00 PM","30","""2026-08-04T09:33:23.685Z""","""2026-08-04T09:33:23.685Z""","0"
"""6a71b1e3132807b557ae1efb""","""6a71b1e3132807b557ae1ef8""","Wednesday","09:00 AM","05:00 PM","30","""2026-08-04T09:33:23.688Z""","""2026-08-04T09:33:23.688Z""","0"
"""6a71b1e3132807b557ae1efc""","""6a71b1e3132807b557ae1ef8""","Thursday","09:00 AM","05:00 PM","30","""2026-08-04T09:33:23.690Z""","""2026-08-04T09:33:23.690Z""","0"
"""6a71b1e3132807b557ae1efd""","""6a71b1e3132807b557ae1ef8""","Friday","09:00 AM","05:00 PM","30","""2026-08-04T09:33:23.692Z""","""2026-08-04T09:33:23.692Z""","0"
"""6a71b1e3132807b557ae1efe""","""6a71b1e3132807b557ae1ef8""","Saturday","09:00 AM","05:00 PM","30","""2026-08-04T09:33:23.694Z""","""2026-08-04T09:33:23.694Z""","0"
"""6a71b1e3132807b557ae1f01""","""6a71b1e3132807b557ae1f00""","Monday","09:00 AM","05:00 PM","30","""2026-08-04T09:33:23.704Z""","""2026-08-04T09:33:23.704Z""","0"
"""6a71b1e3132807b557ae1f02""","""6a71b1e3132807b557ae1f00""","Tuesday","09:00 AM","05:00 PM","30","""2026-08-04T09:33:23.706Z""","""2026-08-04T09:33:23.706Z""","0"
"""6a71b1e3132807b557ae1f03""","""6a71b1e3132807b557ae1f00""","Wednesday","09:00 AM","05:00 PM","30","""2026-08-04T09:33:23.709Z""","""2026-08-04T09:33:23.709Z""","0"
"""6a71b1e3132807b557ae1f04""","""6a71b1e3132807b557ae1f00""","Thursday","09:00 AM","05:00 PM","30","""2026-08-04T09:33:23.711Z""","""2026-08-04T09:33:23.711Z""","0"
"""6a71b1e3132807b557ae1f05""","""6a71b1e3132807b557ae1f00""","Friday","09:00 AM","05:00 PM","30","""2026-08-04T09:33:23.713Z""","""2026-08-04T09:33:23.713Z""","0"
"""6a71b1e3132807b557ae1f06""","""6a71b1e3132807b557ae1f00""","Saturday","09:00 AM","05:00 PM","30","""2026-08-04T09:33:23.716Z""","""2026-08-04T09:33:23.716Z""","0"
"""6a71b1e3132807b557ae1f09""","""6a71b1e3132807b557ae1f08""","Monday","09:00 AM","05:00 PM","30","""2026-08-04T09:33:23.724Z""","""2026-08-04T09:33:23.724Z""","0"
"""6a71b1e3132807b557ae1f0a""","""6a71b1e3132807b557ae1f08""","Tuesday","09:00 AM","05:00 PM","30","""2026-08-04T09:33:23.726Z""","""2026-08-04T09:33:23.726Z""","0"
"""6a71b1e3132807b557ae1f0b""","""6a71b1e3132807b557ae1f08""","Wednesday","09:00 AM","05:00 PM","30","""2026-08-04T09:33:23.729Z""","""2026-08-04T09:33:23.729Z""","0"
"""6a71b1e3132807b557ae1f0c""","""6a71b1e3132807b557ae1f08""","Thursday","09:00 AM","05:00 PM","30","""2026-08-04T09:33:23.732Z""","""2026-08-04T09:33:23.732Z""","0"
"""6a71b1e3132807b557ae1f0d""","""6a71b1e3132807b557ae1f08""","Friday","09:00 AM","05:00 PM","30","""2026-08-04T09:33:23.735Z""","""2026-08-04T09:33:23.735Z""","0"
"""6a71b1e3132807b557ae1f0e""","""6a71b1e3132807b557ae1f08""","Saturday","09:00 AM","05:00 PM","30","""2026-08-04T09:33:23.738Z""","""2026-08-04T09:33:23.738Z""","0"
"""6a71b1e3132807b557ae1f11""","""6a71b1e3132807b557ae1f10""","Monday","09:00 AM","05:00 PM","30","""2026-08-04T09:33:23.747Z""","""2026-08-04T09:33:23.747Z""","0"
"""6a71b1e3132807b557ae1f12""","""6a71b1e3132807b557ae1f10""","Tuesday","09:00 AM","05:00 PM","30","""2026-08-04T09:33:23.749Z""","""2026-08-04T09:33:23.749Z""","0"
"""6a71b1e3132807b557ae1f13""","""6a71b1e3132807b557ae1f10""","Wednesday","09:00 AM","05:00 PM","30","""2026-08-04T09:33:23.752Z""","""2026-08-04T09:33:23.752Z""","0"
"""6a71b1e3132807b557ae1f14""","""6a71b1e3132807b557ae1f10""","Thursday","09:00 AM","05:00 PM","30","""2026-08-04T09:33:23.754Z""","""2026-08-04T09:33:23.754Z""","0"
"""6a71b1e3132807b557ae1f15""","""6a71b1e3132807b557ae1f10""","Friday","09:00 AM","05:00 PM","30","""2026-08-04T09:33:23.756Z""","""2026-08-04T09:33:23.756Z""","0"
"""6a71b1e3132807b557ae1f16""","""6a71b1e3132807b557ae1f10""","Saturday","09:00 AM","05:00 PM","30","""2026-08-04T09:33:23.759Z""","""2026-08-04T09:33:23.759Z""","0"
"""6a71b1e3132807b557ae1f19""","""6a71b1e3132807b557ae1f18""","Monday","09:00 AM","05:00 PM","30","""2026-08-04T09:33:23.767Z""","""2026-08-04T09:33:23.767Z""","0"
"""6a71b1e3132807b557ae1f1a""","""6a71b1e3132807b557ae1f18""","Tuesday","09:00 AM","05:00 PM","30","""2026-08-04T09:33:23.769Z""","""2026-08-04T09:33:23.769Z""","0"
"""6a71b1e3132807b557ae1f1b""","""6a71b1e3132807b557ae1f18""","Wednesday","09:00 AM","05:00 PM","30","""2026-08-04T09:33:23.772Z""","""2026-08-04T09:33:23.772Z""","0"
"""6a71b1e3132807b557ae1f1c""","""6a71b1e3132807b557ae1f18""","Thursday","09:00 AM","05:00 PM","30","""2026-08-04T09:33:23.774Z""","""2026-08-04T09:33:23.774Z""","0"
"""6a71b1e3132807b557ae1f1d""","""6a71b1e3132807b557ae1f18""","Friday","09:00 AM","05:00 PM","30","""2026-08-04T09:33:23.776Z""","""2026-08-04T09:33:23.776Z""","0"
"""6a71b1e3132807b557ae1f1e""","""6a71b1e3132807b557ae1f18""","Saturday","09:00 AM","05:00 PM","30","""2026-08-04T09:33:23.778Z""","""2026-08-04T09:33:23.778Z""","0"
"""6a71b1e3132807b557ae1f21""","""6a71b1e3132807b557ae1f20""","Monday","09:00 AM","05:00 PM","30","""2026-08-04T09:33:23.786Z""","""2026-08-04T09:33:23.786Z""","0"
"""6a71b1e3132807b557ae1f22""","""6a71b1e3132807b557ae1f20""","Tuesday","09:00 AM","05:00 PM","30","""2026-08-04T09:33:23.789Z""","""2026-08-04T09:33:23.789Z""","0"
"""6a71b1e3132807b557ae1f23""","""6a71b1e3132807b557ae1f20""","Wednesday","09:00 AM","05:00 PM","30","""2026-08-04T09:33:23.791Z""","""2026-08-04T09:33:23.791Z""","0"
"""6a71b1e3132807b557ae1f24""","""6a71b1e3132807b557ae1f20""","Thursday","09:00 AM","05:00 PM","30","""2026-08-04T09:33:23.794Z""","""2026-08-04T09:33:23.794Z""","0"
"""6a71b1e3132807b557ae1f25""","""6a71b1e3132807b557ae1f20""","Friday","09:00 AM","05:00 PM","30","""2026-08-04T09:33:23.796Z""","""2026-08-04T09:33:23.796Z""","0"
"""6a71b1e3132807b557ae1f26""","""6a71b1e3132807b557ae1f20""","Saturday","09:00 AM","05:00 PM","30","""2026-08-04T09:33:23.799Z""","""2026-08-04T09:33:23.799Z""","0"
"""6a71b1e3132807b557ae1f29""","""6a71b1e3132807b557ae1f28""","Monday","09:00 AM","05:00 PM","30","""2026-08-04T09:33:23.807Z""","""2026-08-04T09:33:23.807Z""","0"
"""6a71b1e3132807b557ae1f2a""","""6a71b1e3132807b557ae1f28""","Tuesday","09:00 AM","05:00 PM","30","""2026-08-04T09:33:23.809Z""","""2026-08-04T09:33:23.809Z""","0"
"""6a71b1e3132807b557ae1f2b""","""6a71b1e3132807b557ae1f28""","Wednesday","09:00 AM","05:00 PM","30","""2026-08-04T09:33:23.811Z""","""2026-08-04T09:33:23.811Z""","0"
"""6a71b1e3132807b557ae1f2c""","""6a71b1e3132807b557ae1f28""","Thursday","09:00 AM","05:00 PM","30","""2026-08-04T09:33:23.814Z""","""2026-08-04T09:33:23.814Z""","0"
"""6a71b1e3132807b557ae1f2d""","""6a71b1e3132807b557ae1f28""","Friday","09:00 AM","05:00 PM","30","""2026-08-04T09:33:23.817Z""","""2026-08-04T09:33:23.817Z""","0"
"""6a71b1e3132807b557ae1f2e""","""6a71b1e3132807b557ae1f28""","Saturday","09:00 AM","05:00 PM","30","""2026-08-04T09:33:23.819Z""","""2026-08-04T09:33:23.819Z""","0"
"""6a71b1e3132807b557ae1f31""","""6a71b1e3132807b557ae1f30""","Monday","09:00 AM","05:00 PM","30","""2026-08-04T09:33:23.826Z""","""2026-08-04T09:33:23.826Z""","0"
"""6a71b1e3132807b557ae1f32""","""6a71b1e3132807b557ae1f30""","Tuesday","09:00 AM","05:00 PM","30","""2026-08-04T09:33:23.829Z""","""2026-08-04T09:33:23.829Z""","0"
"""6a71b1e3132807b557ae1f33""","""6a71b1e3132807b557ae1f30""","Wednesday","09:00 AM","05:00 PM","30","""2026-08-04T09:33:23.831Z""","""2026-08-04T09:33:23.831Z""","0"
"""6a71b1e3132807b557ae1f34""","""6a71b1e3132807b557ae1f30""","Thursday","09:00 AM","05:00 PM","30","""2026-08-04T09:33:23.834Z""","""2026-08-04T09:33:23.834Z""","0"
"""6a71b1e3132807b557ae1f35""","""6a71b1e3132807b557ae1f30""","Friday","09:00 AM","05:00 PM","30","""2026-08-04T09:33:23.836Z""","""2026-08-04T09:33:23.836Z""","0"
"""6a71b1e3132807b557ae1f36""","""6a71b1e3132807b557ae1f30""","Saturday","09:00 AM","05:00 PM","30","""2026-08-04T09:33:23.839Z""","""2026-08-04T09:33:23.839Z""","0"
"""6a71b1e3132807b557ae1f39""","""6a71b1e3132807b557ae1f38""","Monday","09:00 AM","05:00 PM","30","""2026-08-04T09:33:23.848Z""","""2026-08-04T09:33:23.848Z""","0"
"""6a71b1e3132807b557ae1f3a""","""6a71b1e3132807b557ae1f38""","Tuesday","09:00 AM","05:00 PM","30","""2026-08-04T09:33:23.850Z""","""2026-08-04T09:33:23.850Z""","0"
"""6a71b1e3132807b557ae1f3b""","""6a71b1e3132807b557ae1f38""","Wednesday","09:00 AM","05:00 PM","30","""2026-08-04T09:33:23.853Z""","""2026-08-04T09:33:23.853Z""","0"
"""6a71b1e3132807b557ae1f3c""","""6a71b1e3132807b557ae1f38""","Thursday","09:00 AM","05:00 PM","30","""2026-08-04T09:33:23.856Z""","""2026-08-04T09:33:23.856Z""","0"
"""6a71b1e3132807b557ae1f3d""","""6a71b1e3132807b557ae1f38""","Friday","09:00 AM","05:00 PM","30","""2026-08-04T09:33:23.858Z""","""2026-08-04T09:33:23.858Z""","0"
"""6a71b1e3132807b557ae1f3e""","""6a71b1e3132807b557ae1f38""","Saturday","09:00 AM","05:00 PM","30","""2026-08-04T09:33:23.860Z""","""2026-08-04T09:33:23.860Z""","0"
"""6a71b1e3132807b557ae1f41""","""6a71b1e3132807b557ae1f40""","Monday","09:00 AM","05:00 PM","30","""2026-08-04T09:33:23.868Z""","""2026-08-04T09:33:23.868Z""","0"
"""6a71b1e3132807b557ae1f42""","""6a71b1e3132807b557ae1f40""","Tuesday","09:00 AM","05:00 PM","30","""2026-08-04T09:33:23.870Z""","""2026-08-04T09:33:23.870Z""","0"
"""6a71b1e3132807b557ae1f43""","""6a71b1e3132807b557ae1f40""","Wednesday","09:00 AM","05:00 PM","30","""2026-08-04T09:33:23.873Z""","""2026-08-04T09:33:23.873Z""","0"
"""6a71b1e3132807b557ae1f44""","""6a71b1e3132807b557ae1f40""","Thursday","09:00 AM","05:00 PM","30","""2026-08-04T09:33:23.875Z""","""2026-08-04T09:33:23.875Z""","0"
"""6a71b1e3132807b557ae1f45""","""6a71b1e3132807b557ae1f40""","Friday","09:00 AM","05:00 PM","30","""2026-08-04T09:33:23.877Z""","""2026-08-04T09:33:23.877Z""","0"
"""6a71b1e3132807b557ae1f46""","""6a71b1e3132807b557ae1f40""","Saturday","09:00 AM","05:00 PM","30","""2026-08-04T09:33:23.880Z""","""2026-08-04T09:33:23.880Z""","0"
"""6a71b1e3132807b557ae1f49""","""6a71b1e3132807b557ae1f48""","Monday","09:00 AM","05:00 PM","30","""2026-08-04T09:33:23.889Z""","""2026-08-04T09:33:23.889Z""","0"
"""6a71b1e3132807b557ae1f4a""","""6a71b1e3132807b557ae1f48""","Tuesday","09:00 AM","05:00 PM","30","""2026-08-04T09:33:23.891Z""","""2026-08-04T09:33:23.891Z""","0"
"""6a71b1e3132807b557ae1f4b""","""6a71b1e3132807b557ae1f48""","Wednesday","09:00 AM","05:00 PM","30","""2026-08-04T09:33:23.893Z""","""2026-08-04T09:33:23.893Z""","0"
"""6a71b1e3132807b557ae1f4c""","""6a71b1e3132807b557ae1f48""","Thursday","09:00 AM","05:00 PM","30","""2026-08-04T09:33:23.896Z""","""2026-08-04T09:33:23.896Z""","0"
"""6a71b1e3132807b557ae1f4d""","""6a71b1e3132807b557ae1f48""","Friday","09:00 AM","05:00 PM","30","""2026-08-04T09:33:23.899Z""","""2026-08-04T09:33:23.899Z""","0"
"""6a71b1e3132807b557ae1f4e""","""6a71b1e3132807b557ae1f48""","Saturday","09:00 AM","05:00 PM","30","""2026-08-04T09:33:23.902Z""","""2026-08-04T09:33:23.902Z""","0"
"""6a71b1e3132807b557ae1f51""","""6a71b1e3132807b557ae1f50""","Monday","09:00 AM","05:00 PM","30","""2026-08-04T09:33:23.909Z""","""2026-08-04T09:33:23.909Z""","0"
"""6a71b1e3132807b557ae1f52""","""6a71b1e3132807b557ae1f50""","Tuesday","09:00 AM","05:00 PM","30","""2026-08-04T09:33:23.911Z""","""2026-08-04T09:33:23.911Z""","0"
"""6a71b1e3132807b557ae1f53""","""6a71b1e3132807b557ae1f50""","Wednesday","09:00 AM","05:00 PM","30","""2026-08-04T09:33:23.914Z""","""2026-08-04T09:33:23.914Z""","0"
"""6a71b1e3132807b557ae1f54""","""6a71b1e3132807b557ae1f50""","Thursday","09:00 AM","05:00 PM","30","""2026-08-04T09:33:23.917Z""","""2026-08-04T09:33:23.917Z""","0"
"""6a71b1e3132807b557ae1f55""","""6a71b1e3132807b557ae1f50""","Friday","09:00 AM","05:00 PM","30","""2026-08-04T09:33:23.920Z""","""2026-08-04T09:33:23.920Z""","0"
"""6a71b1e3132807b557ae1f56""","""6a71b1e3132807b557ae1f50""","Saturday","09:00 AM","05:00 PM","30","""2026-08-04T09:33:23.922Z""","""2026-08-04T09:33:23.922Z""","0"
"""6a71b1e3132807b557ae1f59""","""6a71b1e3132807b557ae1f58""","Monday","09:00 AM","05:00 PM","30","""2026-08-04T09:33:23.929Z""","""2026-08-04T09:33:23.929Z""","0"
"""6a71b1e3132807b557ae1f5a""","""6a71b1e3132807b557ae1f58""","Tuesday","09:00 AM","05:00 PM","30","""2026-08-04T09:33:23.932Z""","""2026-08-04T09:33:23.932Z""","0"
"""6a71b1e3132807b557ae1f5b""","""6a71b1e3132807b557ae1f58""","Wednesday","09:00 AM","05:00 PM","30","""2026-08-04T09:33:23.934Z""","""2026-08-04T09:33:23.934Z""","0"
"""6a71b1e3132807b557ae1f5c""","""6a71b1e3132807b557ae1f58""","Thursday","09:00 AM","05:00 PM","30","""2026-08-04T09:33:23.937Z""","""2026-08-04T09:33:23.937Z""","0"
"""6a71b1e3132807b557ae1f5d""","""6a71b1e3132807b557ae1f58""","Friday","09:00 AM","05:00 PM","30","""2026-08-04T09:33:23.939Z""","""2026-08-04T09:33:23.939Z""","0"
"""6a71b1e3132807b557ae1f5e""","""6a71b1e3132807b557ae1f58""","Saturday","09:00 AM","05:00 PM","30","""2026-08-04T09:33:23.941Z""","""2026-08-04T09:33:23.941Z""","0"
"""6a71b1e3132807b557ae1f61""","""6a71b1e3132807b557ae1f60""","Monday","09:00 AM","05:00 PM","30","""2026-08-04T09:33:23.949Z""","""2026-08-04T09:33:23.949Z""","0"
"""6a71b1e3132807b557ae1f62""","""6a71b1e3132807b557ae1f60""","Tuesday","09:00 AM","05:00 PM","30","""2026-08-04T09:33:23.952Z""","""2026-08-04T09:33:23.952Z""","0"
"""6a71b1e3132807b557ae1f63""","""6a71b1e3132807b557ae1f60""","Wednesday","09:00 AM","05:00 PM","30","""2026-08-04T09:33:23.954Z""","""2026-08-04T09:33:23.954Z""","0"
"""6a71b1e3132807b557ae1f64""","""6a71b1e3132807b557ae1f60""","Thursday","09:00 AM","05:00 PM","30","""2026-08-04T09:33:23.956Z""","""2026-08-04T09:33:23.956Z""","0"
"""6a71b1e3132807b557ae1f65""","""6a71b1e3132807b557ae1f60""","Friday","09:00 AM","05:00 PM","30","""2026-08-04T09:33:23.958Z""","""2026-08-04T09:33:23.958Z""","0"
"""6a71b1e3132807b557ae1f66""","""6a71b1e3132807b557ae1f60""","Saturday","09:00 AM","05:00 PM","30","""2026-08-04T09:33:23.961Z""","""2026-08-04T09:33:23.961Z""","0"
"""6a71b1e3132807b557ae1f69""","""6a71b1e3132807b557ae1f68""","Monday","09:00 AM","05:00 PM","30","""2026-08-04T09:33:23.969Z""","""2026-08-04T09:33:23.969Z""","0"
"""6a71b1e3132807b557ae1f6a""","""6a71b1e3132807b557ae1f68""","Tuesday","09:00 AM","05:00 PM","30","""2026-08-04T09:33:23.971Z""","""2026-08-04T09:33:23.971Z""","0"
"""6a71b1e3132807b557ae1f6b""","""6a71b1e3132807b557ae1f68""","Wednesday","09:00 AM","05:00 PM","30","""2026-08-04T09:33:23.974Z""","""2026-08-04T09:33:23.974Z""","0"
"""6a71b1e3132807b557ae1f6c""","""6a71b1e3132807b557ae1f68""","Thursday","09:00 AM","05:00 PM","30","""2026-08-04T09:33:23.976Z""","""2026-08-04T09:33:23.976Z""","0"
"""6a71b1e3132807b557ae1f6d""","""6a71b1e3132807b557ae1f68""","Friday","09:00 AM","05:00 PM","30","""2026-08-04T09:33:23.979Z""","""2026-08-04T09:33:23.979Z""","0"
"""6a71b1e3132807b557ae1f6e""","""6a71b1e3132807b557ae1f68""","Saturday","09:00 AM","05:00 PM","30","""2026-08-04T09:33:23.982Z""","""2026-08-04T09:33:23.982Z""","0"
"""6a71b1e3132807b557ae1f71""","""6a71b1e3132807b557ae1f70""","Monday","09:00 AM","05:00 PM","30","""2026-08-04T09:33:23.990Z""","""2026-08-04T09:33:23.990Z""","0"
"""6a71b1e3132807b557ae1f72""","""6a71b1e3132807b557ae1f70""","Tuesday","09:00 AM","05:00 PM","30","""2026-08-04T09:33:23.992Z""","""2026-08-04T09:33:23.992Z""","0"
"""6a71b1e3132807b557ae1f73""","""6a71b1e3132807b557ae1f70""","Wednesday","09:00 AM","05:00 PM","30","""2026-08-04T09:33:23.994Z""","""2026-08-04T09:33:23.994Z""","0"
"""6a71b1e3132807b557ae1f74""","""6a71b1e3132807b557ae1f70""","Thursday","09:00 AM","05:00 PM","30","""2026-08-04T09:33:23.997Z""","""2026-08-04T09:33:23.997Z""","0"
"""6a71b1e3132807b557ae1f75""","""6a71b1e3132807b557ae1f70""","Friday","09:00 AM","05:00 PM","30","""2026-08-04T09:33:23.999Z""","""2026-08-04T09:33:23.999Z""","0"
"""6a71b1e4132807b557ae1f76""","""6a71b1e3132807b557ae1f70""","Saturday","09:00 AM","05:00 PM","30","""2026-08-04T09:33:24.002Z""","""2026-08-04T09:33:24.002Z""","0"
"""6a71b1e4132807b557ae1f79""","""6a71b1e4132807b557ae1f78""","Monday","09:00 AM","05:00 PM","30","""2026-08-04T09:33:24.009Z""","""2026-08-04T09:33:24.009Z""","0"
"""6a71b1e4132807b557ae1f7a""","""6a71b1e4132807b557ae1f78""","Tuesday","09:00 AM","05:00 PM","30","""2026-08-04T09:33:24.012Z""","""2026-08-04T09:33:24.012Z""","0"
"""6a71b1e4132807b557ae1f7b""","""6a71b1e4132807b557ae1f78""","Wednesday","09:00 AM","05:00 PM","30","""2026-08-04T09:33:24.015Z""","""2026-08-04T09:33:24.015Z""","0"
"""6a71b1e4132807b557ae1f7c""","""6a71b1e4132807b557ae1f78""","Thursday","09:00 AM","05:00 PM","30","""2026-08-04T09:33:24.018Z""","""2026-08-04T09:33:24.018Z""","0"
"""6a71b1e4132807b557ae1f7d""","""6a71b1e4132807b557ae1f78""","Friday","09:00 AM","05:00 PM","30","""2026-08-04T09:33:24.020Z""","""2026-08-04T09:33:24.020Z""","0"
"""6a71b1e4132807b557ae1f7e""","""6a71b1e4132807b557ae1f78""","Saturday","09:00 AM","05:00 PM","30","""2026-08-04T09:33:24.022Z""","""2026-08-04T09:33:24.022Z""","0"
"""6a71b1e4132807b557ae1f81""","""6a71b1e4132807b557ae1f80""","Monday","09:00 AM","05:00 PM","30","""2026-08-04T09:33:24.030Z""","""2026-08-04T09:33:24.030Z""","0"
"""6a71b1e4132807b557ae1f82""","""6a71b1e4132807b557ae1f80""","Tuesday","09:00 AM","05:00 PM","30","""2026-08-04T09:33:24.033Z""","""2026-08-04T09:33:24.033Z""","0"
"""6a71b1e4132807b557ae1f83""","""6a71b1e4132807b557ae1f80""","Wednesday","09:00 AM","05:00 PM","30","""2026-08-04T09:33:24.035Z""","""2026-08-04T09:33:24.035Z""","0"
"""6a71b1e4132807b557ae1f84""","""6a71b1e4132807b557ae1f80""","Thursday","09:00 AM","05:00 PM","30","""2026-08-04T09:33:24.037Z""","""2026-08-04T09:33:24.037Z""","0"
"""6a71b1e4132807b557ae1f85""","""6a71b1e4132807b557ae1f80""","Friday","09:00 AM","05:00 PM","30","""2026-08-04T09:33:24.040Z""","""2026-08-04T09:33:24.040Z""","0"
"""6a71b1e4132807b557ae1f86""","""6a71b1e4132807b557ae1f80""","Saturday","09:00 AM","05:00 PM","30","""2026-08-04T09:33:24.042Z""","""2026-08-04T09:33:24.042Z""","0"
"""6a71b1e4132807b557ae1f89""","""6a71b1e4132807b557ae1f88""","Monday","09:00 AM","05:00 PM","30","""2026-08-04T09:33:24.050Z""","""2026-08-04T09:33:24.050Z""","0"
"""6a71b1e4132807b557ae1f8a""","""6a71b1e4132807b557ae1f88""","Tuesday","09:00 AM","05:00 PM","30","""2026-08-04T09:33:24.052Z""","""2026-08-04T09:33:24.052Z""","0"
"""6a71b1e4132807b557ae1f8b""","""6a71b1e4132807b557ae1f88""","Wednesday","09:00 AM","05:00 PM","30","""2026-08-04T09:33:24.054Z""","""2026-08-04T09:33:24.054Z""","0"
"""6a71b1e4132807b557ae1f8c""","""6a71b1e4132807b557ae1f88""","Thursday","09:00 AM","05:00 PM","30","""2026-08-04T09:33:24.057Z""","""2026-08-04T09:33:24.057Z""","0"
"""6a71b1e4132807b557ae1f8d""","""6a71b1e4132807b557ae1f88""","Friday","09:00 AM","05:00 PM","30","""2026-08-04T09:33:24.059Z""","""2026-08-04T09:33:24.059Z""","0"
"""6a71b1e4132807b557ae1f8e""","""6a71b1e4132807b557ae1f88""","Saturday","09:00 AM","05:00 PM","30","""2026-08-04T09:33:24.061Z""","""2026-08-04T09:33:24.061Z""","0"
"""6a71b1e4132807b557ae1f91""","""6a71b1e4132807b557ae1f90""","Monday","09:00 AM","05:00 PM","30","""2026-08-04T09:33:24.070Z""","""2026-08-04T09:33:24.070Z""","0"
"""6a71b1e4132807b557ae1f92""","""6a71b1e4132807b557ae1f90""","Tuesday","09:00 AM","05:00 PM","30","""2026-08-04T09:33:24.072Z""","""2026-08-04T09:33:24.072Z""","0"
"""6a71b1e4132807b557ae1f93""","""6a71b1e4132807b557ae1f90""","Wednesday","09:00 AM","05:00 PM","30","""2026-08-04T09:33:24.074Z""","""2026-08-04T09:33:24.074Z""","0"
"""6a71b1e4132807b557ae1f94""","""6a71b1e4132807b557ae1f90""","Thursday","09:00 AM","05:00 PM","30","""2026-08-04T09:33:24.076Z""","""2026-08-04T09:33:24.076Z""","0"
"""6a71b1e4132807b557ae1f95""","""6a71b1e4132807b557ae1f90""","Friday","09:00 AM","05:00 PM","30","""2026-08-04T09:33:24.079Z""","""2026-08-04T09:33:24.079Z""","0"
"""6a71b1e4132807b557ae1f96""","""6a71b1e4132807b557ae1f90""","Saturday","09:00 AM","05:00 PM","30","""2026-08-04T09:33:24.081Z""","""2026-08-04T09:33:24.081Z""","0"
"""6a71b1e4132807b557ae1f99""","""6a71b1e4132807b557ae1f98""","Monday","09:00 AM","05:00 PM","30","""2026-08-04T09:33:24.089Z""","""2026-08-04T09:33:24.089Z""","0"
"""6a71b1e4132807b557ae1f9a""","""6a71b1e4132807b557ae1f98""","Tuesday","09:00 AM","05:00 PM","30","""2026-08-04T09:33:24.092Z""","""2026-08-04T09:33:24.092Z""","0"
"""6a71b1e4132807b557ae1f9b""","""6a71b1e4132807b557ae1f98""","Wednesday","09:00 AM","05:00 PM","30","""2026-08-04T09:33:24.094Z""","""2026-08-04T09:33:24.094Z""","0"
"""6a71b1e4132807b557ae1f9c""","""6a71b1e4132807b557ae1f98""","Thursday","09:00 AM","05:00 PM","30","""2026-08-04T09:33:24.096Z""","""2026-08-04T09:33:24.096Z""","0"
"""6a71b1e4132807b557ae1f9d""","""6a71b1e4132807b557ae1f98""","Friday","09:00 AM","05:00 PM","30","""2026-08-04T09:33:24.099Z""","""2026-08-04T09:33:24.099Z""","0"
"""6a71b1e4132807b557ae1f9e""","""6a71b1e4132807b557ae1f98""","Saturday","09:00 AM","05:00 PM","30","""2026-08-04T09:33:24.102Z""","""2026-08-04T09:33:24.102Z""","0"
"""6a71b1e4132807b557ae1fa1""","""6a71b1e4132807b557ae1fa0""","Monday","09:00 AM","05:00 PM","30","""2026-08-04T09:33:24.110Z""","""2026-08-04T09:33:24.110Z""","0"
"""6a71b1e4132807b557ae1fa2""","""6a71b1e4132807b557ae1fa0""","Tuesday","09:00 AM","05:00 PM","30","""2026-08-04T09:33:24.112Z""","""2026-08-04T09:33:24.112Z""","0"
"""6a71b1e4132807b557ae1fa3""","""6a71b1e4132807b557ae1fa0""","Wednesday","09:00 AM","05:00 PM","30","""2026-08-04T09:33:24.114Z""","""2026-08-04T09:33:24.114Z""","0"
"""6a71b1e4132807b557ae1fa4""","""6a71b1e4132807b557ae1fa0""","Thursday","09:00 AM","05:00 PM","30","""2026-08-04T09:33:24.117Z""","""2026-08-04T09:33:24.117Z""","0"
"""6a71b1e4132807b557ae1fa5""","""6a71b1e4132807b557ae1fa0""","Friday","09:00 AM","05:00 PM","30","""2026-08-04T09:33:24.119Z""","""2026-08-04T09:33:24.119Z""","0"
"""6a71b1e4132807b557ae1fa6""","""6a71b1e4132807b557ae1fa0""","Saturday","09:00 AM","05:00 PM","30","""2026-08-04T09:33:24.122Z""","""2026-08-04T09:33:24.122Z""","0"
"""6a71b1e4132807b557ae1fa9""","""6a71b1e4132807b557ae1fa8""","Monday","09:00 AM","05:00 PM","30","""2026-08-04T09:33:24.129Z""","""2026-08-04T09:33:24.129Z""","0"
"""6a71b1e4132807b557ae1faa""","""6a71b1e4132807b557ae1fa8""","Tuesday","09:00 AM","05:00 PM","30","""2026-08-04T09:33:24.132Z""","""2026-08-04T09:33:24.132Z""","0"
"""6a71b1e4132807b557ae1fab""","""6a71b1e4132807b557ae1fa8""","Wednesday","09:00 AM","05:00 PM","30","""2026-08-04T09:33:24.135Z""","""2026-08-04T09:33:24.135Z""","0"
"""6a71b1e4132807b557ae1fac""","""6a71b1e4132807b557ae1fa8""","Thursday","09:00 AM","05:00 PM","30","""2026-08-04T09:33:24.137Z""","""2026-08-04T09:33:24.137Z""","0"
"""6a71b1e4132807b557ae1fad""","""6a71b1e4132807b557ae1fa8""","Friday","09:00 AM","05:00 PM","30","""2026-08-04T09:33:24.139Z""","""2026-08-04T09:33:24.139Z""","0"
"""6a71b1e4132807b557ae1fae""","""6a71b1e4132807b557ae1fa8""","Saturday","09:00 AM","05:00 PM","30","""2026-08-04T09:33:24.141Z""","""2026-08-04T09:33:24.141Z""","0"