_id,user,specialization,qualifications,experience,hospital,location,state,consultation_fee,about,languages,rating,verification_status,created_at,updated_at,__v
"""6a74b92a6bc61f87d9c58172""","""6a74b9296bc61f87d9c58171""","""6a74b9296bc61f87d9c58167""","MBBS, MD","8","Government Head Quarters Hospital, Ariyalur","Ariyalur","Tamil Nadu","550","Experienced Dermatology specialist practicing at Government Head Quarters Hospital, Ariyalur. Committed to compassionate, quality healthcare in Ariyalur.","Tamil, English","4.6","approved","""2026-08-06T16:41:14.034Z""","""2026-08-06T16:41:14.034Z""","0"
"""6a74b92a6bc61f87d9c5817a""","""6a74b92a6bc61f87d9c58179""","""6a74b9296bc61f87d9c58168""","MBBS, MD","11","Government Head Quarters Hospital, Ariyalur","Ariyalur","Tamil Nadu","600","Experienced Neurology specialist practicing at Government Head Quarters Hospital, Ariyalur. Committed to compassionate, quality healthcare in Ariyalur.","Tamil, English","4.7","approved","""2026-08-06T16:41:14.467Z""","""2026-08-06T16:41:14.467Z""","0"
"""6a74b92a6bc61f87d9c58182""","""6a74b92a6bc61f87d9c58181""","""6a74b9296bc61f87d9c58169""","MBBS, MD","14","Government Head Quarters Hospital, Ariyalur","Ariyalur","Tamil Nadu","650","Experienced Pediatrics specialist practicing at Government Head Quarters Hospital, Ariyalur. Committed to compassionate, quality healthcare in Ariyalur.","Tamil, English","4.8","approved","""2026-08-06T16:41:14.877Z""","""2026-08-06T16:41:14.877Z""","0"
"""6a74b92b6bc61f87d9c5818a""","""6a74b92b6bc61f87d9c58189""","""6a74b9296bc61f87d9c5816a""","MBBS, MD","17","Chengalpattu Medical College & Hospital","Chengalpattu","Tamil Nadu","700","Experienced Orthopedics specialist practicing at Chengalpattu Medical College & Hospital. Committed to compassionate, quality healthcare in Chengalpattu.","Tamil, English","4.9","approved","""2026-08-06T16:41:15.285Z""","""2026-08-06T16:41:15.285Z""","0"
"""6a74b92b6bc61f87d9c58192""","""6a74b92b6bc61f87d9c58191""","""6a74b9296bc61f87d9c5816b""","MBBS, MD","20","Chengalpattu Medical College & Hospital","Chengalpattu","Tamil Nadu","750","Experienced General Medicine specialist practicing at Chengalpattu Medical College & Hospital. Committed to compassionate, quality healthcare in Chengalpattu.","Tamil, English","4.5","approved","""2026-08-06T16:41:15.820Z""","""2026-08-06T16:41:15.820Z""","0"
"""6a74b92c6bc61f87d9c5819a""","""6a74b92c6bc61f87d9c58199""","""6a74b9296bc61f87d9c5816c""","MBBS, MD","23","Apollo Hospitals, Greams Road, Chennai","Chennai","Tamil Nadu","800","Experienced Psychiatry specialist practicing at Apollo Hospitals, Greams Road, Chennai. Committed to compassionate, quality healthcare in Chennai.","Tamil, English","4.6","approved","""2026-08-06T16:41:16.215Z""","""2026-08-06T16:41:16.215Z""","0"
"""6a74b92c6bc61f87d9c581a2""","""6a74b92c6bc61f87d9c581a1""","""6a74b9296bc61f87d9c5816d""","MBBS, MD","26","Apollo Hospitals, Greams Road, Chennai","Chennai","Tamil Nadu","850","Experienced Gynecology specialist practicing at Apollo Hospitals, Greams Road, Chennai. Committed to compassionate, quality healthcare in Chennai.","Tamil, English","4.7","approved","""2026-08-06T16:41:16.613Z""","""2026-08-06T16:41:16.613Z""","0"
"""6a74b92d6bc61f87d9c581aa""","""6a74b92c6bc61f87d9c581a9""","""6a74b9296bc61f87d9c58166""","MBBS, MD","29","Ganga Medical Centre & Hospitals, Coimbatore","Coimbatore","Tamil Nadu","900","Experienced Cardiology specialist practicing at Ganga Medical Centre & Hospitals, Coimbatore. Committed to compassionate, quality healthcare in Coimbatore.","Tamil, English","4.8","approved","""2026-08-06T16:41:17.012Z""","""2026-08-06T16:41:17.012Z""","0"
"""6a74b92d6bc61f87d9c581b2""","""6a74b92d6bc61f87d9c581b1""","""6a74b9296bc61f87d9c58167""","MBBS, MD","7","Ganga Medical Centre & Hospitals, Coimbatore","Coimbatore","Tamil Nadu","950","Experienced Dermatology specialist practicing at Ganga Medical Centre & Hospitals, Coimbatore. Committed to compassionate, quality healthcare in Coimbatore.","Tamil, English","4.9","approved","""2026-08-06T16:41:17.410Z""","""2026-08-06T16:41:17.410Z""","0"
"""6a74b92d6bc61f87d9c581ba""","""6a74b92d6bc61f87d9c581b9""","""6a74b9296bc61f87d9c58168""","MBBS, MD","10","Ganga Medical Centre & Hospitals, Coimbatore","Coimbatore","Tamil Nadu","1000","Experienced Neurology specialist practicing at Ganga Medical Centre & Hospitals, Coimbatore. Committed to compassionate, quality healthcare in Coimbatore.","Tamil, English","4.5","approved","""2026-08-06T16:41:17.821Z""","""2026-08-06T16:41:17.821Z""","0"
"""6a74b92e6bc61f87d9c581c2""","""6a74b92e6bc61f87d9c581c1""","""6a74b9296bc61f87d9c58169""","MBBS, MD","13","Rajah Muthiah Medical College & Hospital, Cuddalore","Cuddalore","Tamil Nadu","500","Experienced Pediatrics specialist practicing at Rajah Muthiah Medical College & Hospital, Cuddalore. Committed to compassionate, quality healthcare in Cuddalore.","Tamil, English","4.6","approved","""2026-08-06T16:41:18.218Z""","""2026-08-06T16:41:18.218Z""","0"
"""6a74b92e6bc61f87d9c581ca""","""6a74b92e6bc61f87d9c581c9""","""6a74b9296bc61f87d9c5816a""","MBBS, MD","16","Rajah Muthiah Medical College & Hospital, Cuddalore","Cuddalore","Tamil Nadu","550","Experienced Orthopedics specialist practicing at Rajah Muthiah Medical College & Hospital, Cuddalore. Committed to compassionate, quality healthcare in Cuddalore.","Tamil, English","4.7","approved","""2026-08-06T16:41:18.614Z""","""2026-08-06T16:41:18.614Z""","0"
"""6a74b92f6bc61f87d9c581d2""","""6a74b92e6bc61f87d9c581d1""","""6a74b9296bc61f87d9c5816b""","MBBS, MD","19","Dharmapuri Government Medical College Hospital","Dharmapuri","Tamil Nadu","600","Experienced General Medicine specialist practicing at Dharmapuri Government Medical College Hospital. Committed to compassionate, quality healthcare in Dharmapuri.","Tamil, English","4.8","approved","""2026-08-06T16:41:19.001Z""","""2026-08-06T16:41:19.001Z""","0"
"""6a74b92f6bc61f87d9c581da""","""6a74b92f6bc61f87d9c581d9""","""6a74b9296bc61f87d9c5816c""","MBBS, MD","22","Dharmapuri Government Medical College Hospital","Dharmapuri","Tamil Nadu","650","Experienced Psychiatry specialist practicing at Dharmapuri Government Medical College Hospital. Committed to compassionate, quality healthcare in Dharmapuri.","Tamil, English","4.9","approved","""2026-08-06T16:41:19.400Z""","""2026-08-06T16:41:19.400Z""","0"
"""6a74b92f6bc61f87d9c581e2""","""6a74b92f6bc61f87d9c581e1""","""6a74b9296bc61f87d9c5816d""","MBBS, MD","25","City Care Specialty Hospital, Dindigul","Dindigul","Tamil Nadu","700","Experienced Gynecology specialist practicing at City Care Specialty Hospital, Dindigul. Committed to compassionate, quality healthcare in Dindigul.","Tamil, English","4.5","approved","""2026-08-06T16:41:19.838Z""","""2026-08-06T16:41:19.838Z""","0"
"""6a74b9306bc61f87d9c581ea""","""6a74b9306bc61f87d9c581e9""","""6a74b9296bc61f87d9c58166""","MBBS, MD","28","City Care Specialty Hospital, Dindigul","Dindigul","Tamil Nadu","750","Experienced Cardiology specialist practicing at City Care Specialty Hospital, Dindigul. Committed to compassionate, quality healthcare in Dindigul.","Tamil, English","4.6","approved","""2026-08-06T16:41:20.229Z""","""2026-08-06T16:41:20.229Z""","0"
"""6a74b9306bc61f87d9c581f2""","""6a74b9306bc61f87d9c581f1""","""6a74b9296bc61f87d9c58167""","MBBS, MD","6","City Care Specialty Hospital, Dindigul","Dindigul","Tamil Nadu","800","Experienced Dermatology specialist practicing at City Care Specialty Hospital, Dindigul. Committed to compassionate, quality healthcare in Dindigul.","Tamil, English","4.7","approved","""2026-08-06T16:41:20.752Z""","""2026-08-06T16:41:20.752Z""","0"
"""6a74b9316bc61f87d9c581fa""","""6a74b9316bc61f87d9c581f9""","""6a74b9296bc61f87d9c58168""","MBBS, MD","9","Lotus Hospital & Research Centre, Erode","Erode","Tamil Nadu","850","Experienced Neurology specialist practicing at Lotus Hospital & Research Centre, Erode. Committed to compassionate, quality healthcare in Erode.","Tamil, English","4.8","approved","""2026-08-06T16:41:21.245Z""","""2026-08-06T16:41:21.245Z""","0"
"""6a74b9316bc61f87d9c58202""","""6a74b9316bc61f87d9c58201""","""6a74b9296bc61f87d9c58169""","MBBS, MD","12","Lotus Hospital & Research Centre, Erode","Erode","Tamil Nadu","900","Experienced Pediatrics specialist practicing at Lotus Hospital & Research Centre, Erode. Committed to compassionate, quality healthcare in Erode.","Tamil, English","4.9","approved","""2026-08-06T16:41:21.716Z""","""2026-08-06T16:41:21.716Z""","0"
"""6a74b9326bc61f87d9c5820a""","""6a74b9326bc61f87d9c58209""","""6a74b9296bc61f87d9c5816a""","MBBS, MD","15","Government Medical College Hospital, Kallakurichi","Kallakurichi","Tamil Nadu","950","Experienced Orthopedics specialist practicing at Government Medical College Hospital, Kallakurichi. Committed to compassionate, quality healthcare in Kallakurichi.","Tamil, English","4.5","approved","""2026-08-06T16:41:22.232Z""","""2026-08-06T16:41:22.232Z""","0"
"""6a74b9326bc61f87d9c58212""","""6a74b9326bc61f87d9c58211""","""6a74b9296bc61f87d9c5816b""","MBBS, MD","18","Government Medical College Hospital, Kallakurichi","Kallakurichi","Tamil Nadu","1000","Experienced General Medicine specialist practicing at Government Medical College Hospital, Kallakurichi. Committed to compassionate, quality healthcare in Kallakurichi.","Tamil, English","4.6","approved","""2026-08-06T16:41:22.704Z""","""2026-08-06T16:41:22.704Z""","0"
"""6a74b9336bc61f87d9c5821a""","""6a74b9336bc61f87d9c58219""","""6a74b9296bc61f87d9c5816c""","MBBS, MD","21","Sri Ramachandra Specialty Clinic, Kancheepuram","Kancheepuram","Tamil Nadu","500","Experienced Psychiatry specialist practicing at Sri Ramachandra Specialty Clinic, Kancheepuram. Committed to compassionate, quality healthcare in Kancheepuram.","Tamil, English","4.7","approved","""2026-08-06T16:41:23.191Z""","""2026-08-06T16:41:23.191Z""","0"
"""6a74b9336bc61f87d9c58222""","""6a74b9336bc61f87d9c58221""","""6a74b9296bc61f87d9c5816d""","MBBS, MD","24","Sri Ramachandra Specialty Clinic, Kancheepuram","Kancheepuram","Tamil Nadu","550","Experienced Gynecology specialist practicing at Sri Ramachandra Specialty Clinic, Kancheepuram. Committed to compassionate, quality healthcare in Kancheepuram.","Tamil, English","4.8","approved","""2026-08-06T16:41:23.597Z""","""2026-08-06T16:41:23.597Z""","0"
"""6a74b9346bc61f87d9c5822a""","""6a74b9336bc61f87d9c58229""","""6a74b9296bc61f87d9c58166""","MBBS, MD","27","Sri Ramachandra Specialty Clinic, Kancheepuram","Kancheepuram","Tamil Nadu","600","Experienced Cardiology specialist practicing at Sri Ramachandra Specialty Clinic, Kancheepuram. Committed to compassionate, quality healthcare in Kancheepuram.","Tamil, English","4.9","approved","""2026-08-06T16:41:24.013Z""","""2026-08-06T16:41:24.013Z""","0"
"""6a74b9346bc61f87d9c58232""","""6a74b9346bc61f87d9c58231""","""6a74b9296bc61f87d9c58167""","MBBS, MD","5","Kanyakumari Medical College Hospital, Nagercoil","Kanniyakumari","Tamil Nadu","650","Experienced Dermatology specialist practicing at Kanyakumari Medical College Hospital, Nagercoil. Committed to compassionate, quality healthcare in Kanniyakumari.","Tamil, English","4.5","approved","""2026-08-06T16:41:24.405Z""","""2026-08-06T16:41:24.405Z""","0"
"""6a74b9346bc61f87d9c5823a""","""6a74b9346bc61f87d9c58239""","""6a74b9296bc61f87d9c58168""","MBBS, MD","8","Kanyakumari Medical College Hospital, Nagercoil","Kanniyakumari","Tamil Nadu","700","Experienced Neurology specialist practicing at Kanyakumari Medical College Hospital, Nagercoil. Committed to compassionate, quality healthcare in Kanniyakumari.","Tamil, English","4.6","approved","""2026-08-06T16:41:24.813Z""","""2026-08-06T16:41:24.813Z""","0"
"""6a74b9356bc61f87d9c58242""","""6a74b9356bc61f87d9c58241""","""6a74b9296bc61f87d9c58169""","MBBS, MD","11","Government Medical College Hospital, Karur","Karur","Tamil Nadu","750","Experienced Pediatrics specialist practicing at Government Medical College Hospital, Karur. Committed to compassionate, quality healthcare in Karur.","Tamil, English","4.7","approved","""2026-08-06T16:41:25.309Z""","""2026-08-06T16:41:25.309Z""","0"
"""6a74b9356bc61f87d9c5824a""","""6a74b9356bc61f87d9c58249""","""6a74b9296bc61f87d9c5816a""","MBBS, MD","14","Government Medical College Hospital, Karur","Karur","Tamil Nadu","800","Experienced Orthopedics specialist practicing at Government Medical College Hospital, Karur. Committed to compassionate, quality healthcare in Karur.","Tamil, English","4.8","approved","""2026-08-06T16:41:25.708Z""","""2026-08-06T16:41:25.708Z""","0"
"""6a74b9366bc61f87d9c58252""","""6a74b9366bc61f87d9c58251""","""6a74b9296bc61f87d9c5816b""","MBBS, MD","17","Kauvery Multi-Specialty Clinic, Krishnagiri","Krishnagiri","Tamil Nadu","850","Experienced General Medicine specialist practicing at Kauvery Multi-Specialty Clinic, Krishnagiri. Committed to compassionate, quality healthcare in Krishnagiri.","Tamil, English","4.9","approved","""2026-08-06T16:41:26.140Z""","""2026-08-06T16:41:26.140Z""","0"
"""6a74b9366bc61f87d9c5825a""","""6a74b9366bc61f87d9c58259""","""6a74b9296bc61f87d9c5816c""","MBBS, MD","20","Kauvery Multi-Specialty Clinic, Krishnagiri","Krishnagiri","Tamil Nadu","900","Experienced Psychiatry specialist practicing at Kauvery Multi-Specialty Clinic, Krishnagiri. Committed to compassionate, quality healthcare in Krishnagiri.","Tamil, English","4.5","approved","""2026-08-06T16:41:26.708Z""","""2026-08-06T16:41:26.708Z""","0"
"""6a74b9376bc61f87d9c58262""","""6a74b9376bc61f87d9c58261""","""6a74b9296bc61f87d9c5816d""","MBBS, MD","23","Kauvery Multi-Specialty Clinic, Krishnagiri","Krishnagiri","Tamil Nadu","950","Experienced Gynecology specialist practicing at Kauvery Multi-Specialty Clinic, Krishnagiri. Committed to compassionate, quality healthcare in Krishnagiri.","Tamil, English","4.6","approved","""2026-08-06T16:41:27.533Z""","""2026-08-06T16:41:27.533Z""","0"
"""6a74b9376bc61f87d9c5826a""","""6a74b9376bc61f87d9c58269""","""6a74b9296bc61f87d9c58166""","MBBS, MD","26","Meenakshi Mission Hospital & Research Centre, Madurai","Madurai","Tamil Nadu","1000","Experienced Cardiology specialist practicing at Meenakshi Mission Hospital & Research Centre, Madurai. Committed to compassionate, quality healthcare in Madurai.","Tamil, English","4.7","approved","""2026-08-06T16:41:27.974Z""","""2026-08-06T16:41:27.974Z""","0"
"""6a74b9386bc61f87d9c58272""","""6a74b9386bc61f87d9c58271""","""6a74b9296bc61f87d9c58167""","MBBS, MD","29","Meenakshi Mission Hospital & Research Centre, Madurai","Madurai","Tamil Nadu","500","Experienced Dermatology specialist practicing at Meenakshi Mission Hospital & Research Centre, Madurai. Committed to compassionate, quality healthcare in Madurai.","Tamil, English","4.8","approved","""2026-08-06T16:41:28.397Z""","""2026-08-06T16:41:28.397Z""","0"
"""6a74b9386bc61f87d9c5827a""","""6a74b9386bc61f87d9c58279""","""6a74b9296bc61f87d9c58168""","MBBS, MD","7","Government General Hospital, Mayiladuthurai","Mayiladuthurai","Tamil Nadu","550","Experienced Neurology specialist practicing at Government General Hospital, Mayiladuthurai. Committed to compassionate, quality healthcare in Mayiladuthurai.","Tamil, English","4.9","approved","""2026-08-06T16:41:28.879Z""","""2026-08-06T16:41:28.879Z""","0"
"""6a74b9396bc61f87d9c58282""","""6a74b9396bc61f87d9c58281""","""6a74b9296bc61f87d9c58169""","MBBS, MD","10","Government General Hospital, Mayiladuthurai","Mayiladuthurai","Tamil Nadu","600","Experienced Pediatrics specialist practicing at Government General Hospital, Mayiladuthurai. Committed to compassionate, quality healthcare in Mayiladuthurai.","Tamil, English","4.5","approved","""2026-08-06T16:41:29.299Z""","""2026-08-06T16:41:29.299Z""","0"
"""6a74b93a6bc61f87d9c5828a""","""6a74b93a6bc61f87d9c58289""","""6a74b9296bc61f87d9c5816a""","MBBS, MD","13","Government District Head Quarters Hospital, Nagapattinam","Nagapattinam","Tamil Nadu","650","Experienced Orthopedics specialist practicing at Government District Head Quarters Hospital, Nagapattinam. Committed to compassionate, quality healthcare in Nagapattinam.","Tamil, English","4.6","approved","""2026-08-06T16:41:30.272Z""","""2026-08-06T16:41:30.272Z""","0"
"""6a74b93a6bc61f87d9c58292""","""6a74b93a6bc61f87d9c58291""","""6a74b9296bc61f87d9c5816b""","MBBS, MD","16","Government District Head Quarters Hospital, Nagapattinam","Nagapattinam","Tamil Nadu","700","Experienced General Medicine specialist practicing at Government District Head Quarters Hospital, Nagapattinam. Committed to compassionate, quality healthcare in Nagapattinam.","Tamil, English","4.7","approved","""2026-08-06T16:41:30.818Z""","""2026-08-06T16:41:30.818Z""","0"
"""6a74b93b6bc61f87d9c5829a""","""6a74b93b6bc61f87d9c58299""","""6a74b9296bc61f87d9c5816c""","MBBS, MD","19","Government District Head Quarters Hospital, Nagapattinam","Nagapattinam","Tamil Nadu","750","Experienced Psychiatry specialist practicing at Government District Head Quarters Hospital, Nagapattinam. Committed to compassionate, quality healthcare in Nagapattinam.","Tamil, English","4.8","approved","""2026-08-06T16:41:31.371Z""","""2026-08-06T16:41:31.371Z""","0"
"""6a74b93b6bc61f87d9c582a2""","""6a74b93b6bc61f87d9c582a1""","""6a74b9296bc61f87d9c5816d""","MBBS, MD","22","Government Head Quarters Hospital, Namakkal","Namakkal","Tamil Nadu","800","Experienced Gynecology specialist practicing at Government Head Quarters Hospital, Namakkal. Committed to compassionate, quality healthcare in Namakkal.","Tamil, English","4.9","approved","""2026-08-06T16:41:31.805Z""","""2026-08-06T16:41:31.805Z""","0"
"""6a74b93c6bc61f87d9c582aa""","""6a74b93c6bc61f87d9c582a9""","""6a74b9296bc61f87d9c58166""","MBBS, MD","25","Government Head Quarters Hospital, Namakkal","Namakkal","Tamil Nadu","850","Experienced Cardiology specialist practicing at Government Head Quarters Hospital, Namakkal. Committed to compassionate, quality healthcare in Namakkal.","Tamil, English","4.5","approved","""2026-08-06T16:41:32.489Z""","""2026-08-06T16:41:32.489Z""","0"
"""6a74b93c6bc61f87d9c582b2""","""6a74b93c6bc61f87d9c582b1""","""6a74b9296bc61f87d9c58167""","MBBS, MD","28","Government District Head Quarters Hospital, Ooty","The Nilgiris","Tamil Nadu","900","Experienced Dermatology specialist practicing at Government District Head Quarters Hospital, Ooty. Committed to compassionate, quality healthcare in The Nilgiris.","Tamil, English","4.6","approved","""2026-08-06T16:41:32.906Z""","""2026-08-06T16:41:32.906Z""","0"
"""6a74b93d6bc61f87d9c582ba""","""6a74b93d6bc61f87d9c582b9""","""6a74b9296bc61f87d9c58168""","MBBS, MD","6","Government District Head Quarters Hospital, Ooty","The Nilgiris","Tamil Nadu","950","Experienced Neurology specialist practicing at Government District Head Quarters Hospital, Ooty. Committed to compassionate, quality healthcare in The Nilgiris.","Tamil, English","4.7","approved","""2026-08-06T16:41:33.310Z""","""2026-08-06T16:41:33.310Z""","0"
"""6a74b93d6bc61f87d9c582c2""","""6a74b93d6bc61f87d9c582c1""","""6a74b9296bc61f87d9c58169""","MBBS, MD","9","Dhanalakshmi Srinivasan Medical College, Perambalur","Perambalur","Tamil Nadu","1000","Experienced Pediatrics specialist practicing at Dhanalakshmi Srinivasan Medical College, Perambalur. Committed to compassionate, quality healthcare in Perambalur.","Tamil, English","4.8","approved","""2026-08-06T16:41:33.695Z""","""2026-08-06T16:41:33.695Z""","0"
"""6a74b93e6bc61f87d9c582ca""","""6a74b93e6bc61f87d9c582c9""","""6a74b9296bc61f87d9c5816a""","MBBS, MD","12","Dhanalakshmi Srinivasan Medical College, Perambalur","Perambalur","Tamil Nadu","500","Experienced Orthopedics specialist practicing at Dhanalakshmi Srinivasan Medical College, Perambalur. Committed to compassionate, quality healthcare in Perambalur.","Tamil, English","4.9","approved","""2026-08-06T16:41:34.086Z""","""2026-08-06T16:41:34.086Z""","0"
"""6a74b93e6bc61f87d9c582d2""","""6a74b93e6bc61f87d9c582d1""","""6a74b9296bc61f87d9c5816b""","MBBS, MD","15","Dhanalakshmi Srinivasan Medical College, Perambalur","Perambalur","Tamil Nadu","550","Experienced General Medicine specialist practicing at Dhanalakshmi Srinivasan Medical College, Perambalur. Committed to compassionate, quality healthcare in Perambalur.","Tamil, English","4.5","approved","""2026-08-06T16:41:34.478Z""","""2026-08-06T16:41:34.478Z""","0"
"""6a74b93e6bc61f87d9c582da""","""6a74b93e6bc61f87d9c582d9""","""6a74b9296bc61f87d9c5816c""","MBBS, MD","18","Government Pudukkottai Medical College Hospital","Pudukkottai","Tamil Nadu","600","Experienced Psychiatry specialist practicing at Government Pudukkottai Medical College Hospital. Committed to compassionate, quality healthcare in Pudukkottai.","Tamil, English","4.6","approved","""2026-08-06T16:41:34.880Z""","""2026-08-06T16:41:34.880Z""","0"
"""6a74b93f6bc61f87d9c582e2""","""6a74b93f6bc61f87d9c582e1""","""6a74b9296bc61f87d9c5816d""","MBBS, MD","21","Government Pudukkottai Medical College Hospital","Pudukkottai","Tamil Nadu","650","Experienced Gynecology specialist practicing at Government Pudukkottai Medical College Hospital. Committed to compassionate, quality healthcare in Pudukkottai.","Tamil, English","4.7","approved","""2026-08-06T16:41:35.271Z""","""2026-08-06T16:41:35.271Z""","0"
"""6a74b93f6bc61f87d9c582ea""","""6a74b93f6bc61f87d9c582e9""","""6a74b9296bc61f87d9c58166""","MBBS, MD","24","Government Medical College Hospital, Ramanathapuram","Ramanathapuram","Tamil Nadu","700","Experienced Cardiology specialist practicing at Government Medical College Hospital, Ramanathapuram. Committed to compassionate, quality healthcare in Ramanathapuram.","Tamil, English","4.8","approved","""2026-08-06T16:41:35.660Z""","""2026-08-06T16:41:35.660Z""","0"
"""6a74b9406bc61f87d9c582f2""","""6a74b9406bc61f87d9c582f1""","""6a74b9296bc61f87d9c58167""","MBBS, MD","27","Government Medical College Hospital, Ramanathapuram","Ramanathapuram","Tamil Nadu","750","Experienced Dermatology specialist practicing at Government Medical College Hospital, Ramanathapuram. Committed to compassionate, quality healthcare in Ramanathapuram.","Tamil, English","4.9","approved","""2026-08-06T16:41:36.201Z""","""2026-08-06T16:41:36.201Z""","0"
"""6a74b9406bc61f87d9c582fa""","""6a74b9406bc61f87d9c582f9""","""6a74b9296bc61f87d9c58168""","MBBS, MD","5","CMC Vellore Campus, Ranipet","Ranipet","Tamil Nadu","800","Experienced Neurology specialist practicing at CMC Vellore Campus, Ranipet. Committed to compassionate, quality healthcare in Ranipet.","Tamil, English","4.5","approved","""2026-08-06T16:41:36.599Z""","""2026-08-06T16:41:36.599Z""","0"
"""6a74b9406bc61f87d9c58302""","""6a74b9406bc61f87d9c58301""","""6a74b9296bc61f87d9c58169""","MBBS, MD","8","CMC Vellore Campus, Ranipet","Ranipet","Tamil Nadu","850","Experienced Pediatrics specialist practicing at CMC Vellore Campus, Ranipet. Committed to compassionate, quality healthcare in Ranipet.","Tamil, English","4.6","approved","""2026-08-06T16:41:36.989Z""","""2026-08-06T16:41:36.989Z""","0"
"""6a74b9416bc61f87d9c5830a""","""6a74b9416bc61f87d9c58309""","""6a74b9296bc61f87d9c5816a""","MBBS, MD","11","CMC Vellore Campus, Ranipet","Ranipet","Tamil Nadu","900","Experienced Orthopedics specialist practicing at CMC Vellore Campus, Ranipet. Committed to compassionate, quality healthcare in Ranipet.","Tamil, English","4.7","approved","""2026-08-06T16:41:37.394Z""","""2026-08-06T16:41:37.394Z""","0"
"""6a74b9416bc61f87d9c58312""","""6a74b9416bc61f87d9c58311""","""6a74b9296bc61f87d9c5816b""","MBBS, MD","14","Manipal Hospital, Dalmia Board, Salem","Salem","Tamil Nadu","950","Experienced General Medicine specialist practicing at Manipal Hospital, Dalmia Board, Salem. Committed to compassionate, quality healthcare in Salem.","Tamil, English","4.8","approved","""2026-08-06T16:41:37.783Z""","""2026-08-06T16:41:37.783Z""","0"
"""6a74b9426bc61f87d9c5831a""","""6a74b9426bc61f87d9c58319""","""6a74b9296bc61f87d9c5816c""","MBBS, MD","17","Manipal Hospital, Dalmia Board, Salem","Salem","Tamil Nadu","1000","Experienced Psychiatry specialist practicing at Manipal Hospital, Dalmia Board, Salem. Committed to compassionate, quality healthcare in Salem.","Tamil, English","4.9","approved","""2026-08-06T16:41:38.179Z""","""2026-08-06T16:41:38.179Z""","0"
"""6a74b9426bc61f87d9c58322""","""6a74b9426bc61f87d9c58321""","""6a74b9296bc61f87d9c5816d""","MBBS, MD","20","Government Sivagangai Medical College Hospital","Sivaganga","Tamil Nadu","500","Experienced Gynecology specialist practicing at Government Sivagangai Medical College Hospital. Committed to compassionate, quality healthcare in Sivaganga.","Tamil, English","4.5","approved","""2026-08-06T16:41:38.583Z""","""2026-08-06T16:41:38.583Z""","0"
"""6a74b9436bc61f87d9c5832a""","""6a74b9426bc61f87d9c58329""","""6a74b9296bc61f87d9c58166""","MBBS, MD","23","Government Sivagangai Medical College Hospital","Sivaganga","Tamil Nadu","550","Experienced Cardiology specialist practicing at Government Sivagangai Medical College Hospital. Committed to compassionate, quality healthcare in Sivaganga.","Tamil, English","4.6","approved","""2026-08-06T16:41:39.001Z""","""2026-08-06T16:41:39.001Z""","0"
"""6a74b9436bc61f87d9c58332""","""6a74b9436bc61f87d9c58331""","""6a74b9296bc61f87d9c58167""","MBBS, MD","26","Government District Hospital, Tenkasi","Tenkasi","Tamil Nadu","600","Experienced Dermatology specialist practicing at Government District Hospital, Tenkasi. Committed to compassionate, quality healthcare in Tenkasi.","Tamil, English","4.7","approved","""2026-08-06T16:41:39.506Z""","""2026-08-06T16:41:39.506Z""","0"
"""6a74b9436bc61f87d9c5833a""","""6a74b9436bc61f87d9c58339""","""6a74b9296bc61f87d9c58168""","MBBS, MD","29","Government District Hospital, Tenkasi","Tenkasi","Tamil Nadu","650","Experienced Neurology specialist practicing at Government District Hospital, Tenkasi. Committed to compassionate, quality healthcare in Tenkasi.","Tamil, English","4.8","approved","""2026-08-06T16:41:39.988Z""","""2026-08-06T16:41:39.988Z""","0"
"""6a74b9446bc61f87d9c58342""","""6a74b9446bc61f87d9c58341""","""6a74b9296bc61f87d9c58169""","MBBS, MD","7","Government District Hospital, Tenkasi","Tenkasi","Tamil Nadu","700","Experienced Pediatrics specialist practicing at Government District Hospital, Tenkasi. Committed to compassionate, quality healthcare in Tenkasi.","Tamil, English","4.9","approved","""2026-08-06T16:41:40.382Z""","""2026-08-06T16:41:40.382Z""","0"
"""6a74b9446bc61f87d9c5834a""","""6a74b9446bc61f87d9c58349""","""6a74b9296bc61f87d9c5816a""","MBBS, MD","10","Thanjavur Medical College Hospital, Thanjavur","Thanjavur","Tamil Nadu","750","Experienced Orthopedics specialist practicing at Thanjavur Medical College Hospital, Thanjavur. Committed to compassionate, quality healthcare in Thanjavur.","Tamil, English","4.5","approved","""2026-08-06T16:41:40.769Z""","""2026-08-06T16:41:40.769Z""","0"
"""6a74b9456bc61f87d9c58352""","""6a74b9456bc61f87d9c58351""","""6a74b9296bc61f87d9c5816b""","MBBS, MD","13","Thanjavur Medical College Hospital, Thanjavur","Thanjavur","Tamil Nadu","800","Experienced General Medicine specialist practicing at Thanjavur Medical College Hospital, Thanjavur. Committed to compassionate, quality healthcare in Thanjavur.","Tamil, English","4.6","approved","""2026-08-06T16:41:41.150Z""","""2026-08-06T16:41:41.150Z""","0"
"""6a74b9456bc61f87d9c5835a""","""6a74b9456bc61f87d9c58359""","""6a74b9296bc61f87d9c5816c""","MBBS, MD","16","Government Theni Medical College Hospital, Theni","Theni","Tamil Nadu","850","Experienced Psychiatry specialist practicing at Government Theni Medical College Hospital, Theni. Committed to compassionate, quality healthcare in Theni.","Tamil, English","4.7","approved","""2026-08-06T16:41:41.563Z""","""2026-08-06T16:41:41.563Z""","0"
"""6a74b9456bc61f87d9c58362""","""6a74b9456bc61f87d9c58361""","""6a74b9296bc61f87d9c5816d""","MBBS, MD","19","Government Theni Medical College Hospital, Theni","Theni","Tamil Nadu","900","Experienced Gynecology specialist practicing at Government Theni Medical College Hospital, Theni. Committed to compassionate, quality healthcare in Theni.","Tamil, English","4.8","approved","""2026-08-06T16:41:41.958Z""","""2026-08-06T16:41:41.958Z""","0"
"""6a74b9466bc61f87d9c5836a""","""6a74b9466bc61f87d9c58369""","""6a74b9296bc61f87d9c58166""","MBBS, MD","22","Government Medical College Hospital, Thoothukudi","Thoothukudi","Tamil Nadu","950","Experienced Cardiology specialist practicing at Government Medical College Hospital, Thoothukudi. Committed to compassionate, quality healthcare in Thoothukudi.","Tamil, English","4.9","approved","""2026-08-06T16:41:42.348Z""","""2026-08-06T16:41:42.348Z""","0"
"""6a74b9466bc61f87d9c58372""","""6a74b9466bc61f87d9c58371""","""6a74b9296bc61f87d9c58167""","MBBS, MD","25","Government Medical College Hospital, Thoothukudi","Thoothukudi","Tamil Nadu","1000","Experienced Dermatology specialist practicing at Government Medical College Hospital, Thoothukudi. Committed to compassionate, quality healthcare in Thoothukudi.","Tamil, English","4.5","approved","""2026-08-06T16:41:42.873Z""","""2026-08-06T16:41:42.873Z""","0"
"""6a74b9476bc61f87d9c5837a""","""6a74b9476bc61f87d9c58379""","""6a74b9296bc61f87d9c58168""","MBBS, MD","28","Government Medical College Hospital, Thoothukudi","Thoothukudi","Tamil Nadu","500","Experienced Neurology specialist practicing at Government Medical College Hospital, Thoothukudi. Committed to compassionate, quality healthcare in Thoothukudi.","Tamil, English","4.6","approved","""2026-08-06T16:41:43.379Z""","""2026-08-06T16:41:43.379Z""","0"
"""6a74b9476bc61f87d9c58382""","""6a74b9476bc61f87d9c58381""","""6a74b9296bc61f87d9c58169""","MBBS, MD","6","Kauvery Hospital, Cantonment, Tiruchirappalli","Tiruchirappalli","Tamil Nadu","550","Experienced Pediatrics specialist practicing at Kauvery Hospital, Cantonment, Tiruchirappalli. Committed to compassionate, quality healthcare in Tiruchirappalli.","Tamil, English","4.7","approved","""2026-08-06T16:41:43.952Z""","""2026-08-06T16:41:43.952Z""","0"
"""6a74b9486bc61f87d9c5838a""","""6a74b9486bc61f87d9c58389""","""6a74b9296bc61f87d9c5816a""","MBBS, MD","9","Kauvery Hospital, Cantonment, Tiruchirappalli","Tiruchirappalli","Tamil Nadu","600","Experienced Orthopedics specialist practicing at Kauvery Hospital, Cantonment, Tiruchirappalli. Committed to compassionate, quality healthcare in Tiruchirappalli.","Tamil, English","4.8","approved","""2026-08-06T16:41:44.372Z""","""2026-08-06T16:41:44.372Z""","0"
"""6a74b9486bc61f87d9c58392""","""6a74b9486bc61f87d9c58391""","""6a74b9296bc61f87d9c5816b""","MBBS, MD","12","Tirunelveli Medical College Hospital, Tirunelveli","Tirunelveli","Tamil Nadu","650","Experienced General Medicine specialist practicing at Tirunelveli Medical College Hospital, Tirunelveli. Committed to compassionate, quality healthcare in Tirunelveli.","Tamil, English","4.9","approved","""2026-08-06T16:41:44.775Z""","""2026-08-06T16:41:44.775Z""","0"
"""6a74b9496bc61f87d9c5839a""","""6a74b9496bc61f87d9c58399""","""6a74b9296bc61f87d9c5816c""","MBBS, MD","15","Tirunelveli Medical College Hospital, Tirunelveli","Tirunelveli","Tamil Nadu","700","Experienced Psychiatry specialist practicing at Tirunelveli Medical College Hospital, Tirunelveli. Committed to compassionate, quality healthcare in Tirunelveli.","Tamil, English","4.5","approved","""2026-08-06T16:41:45.176Z""","""2026-08-06T16:41:45.176Z""","0"
"""6a74b9496bc61f87d9c583a2""","""6a74b9496bc61f87d9c583a1""","""6a74b9296bc61f87d9c5816d""","MBBS, MD","18","Government Head Quarters Hospital, Tirupathur","Tirupathur","Tamil Nadu","750","Experienced Gynecology specialist practicing at Government Head Quarters Hospital, Tirupathur. Committed to compassionate, quality healthcare in Tirupathur.","Tamil, English","4.6","approved","""2026-08-06T16:41:45.566Z""","""2026-08-06T16:41:45.566Z""","0"
"""6a74b9496bc61f87d9c583aa""","""6a74b9496bc61f87d9c583a9""","""6a74b9296bc61f87d9c58166""","MBBS, MD","21","Government Head Quarters Hospital, Tirupathur","Tirupathur","Tamil Nadu","800","Experienced Cardiology specialist practicing at Government Head Quarters Hospital, Tirupathur. Committed to compassionate, quality healthcare in Tirupathur.","Tamil, English","4.7","approved","""2026-08-06T16:41:45.947Z""","""2026-08-06T16:41:45.947Z""","0"
"""6a74b94a6bc61f87d9c583b2""","""6a74b94a6bc61f87d9c583b1""","""6a74b9296bc61f87d9c58167""","MBBS, MD","24","Government Head Quarters Hospital, Tirupathur","Tirupathur","Tamil Nadu","850","Experienced Dermatology specialist practicing at Government Head Quarters Hospital, Tirupathur. Committed to compassionate, quality healthcare in Tirupathur.","Tamil, English","4.8","approved","""2026-08-06T16:41:46.405Z""","""2026-08-06T16:41:46.405Z""","0"
"""6a74b94a6bc61f87d9c583ba""","""6a74b94a6bc61f87d9c583b9""","""6a74b9296bc61f87d9c58168""","MBBS, MD","27","Revathi Medical Center, Tiruppur","Tiruppur","Tamil Nadu","900","Experienced Neurology specialist practicing at Revathi Medical Center, Tiruppur. Committed to compassionate, quality healthcare in Tiruppur.","Tamil, English","4.9","approved","""2026-08-06T16:41:46.804Z""","""2026-08-06T16:41:46.804Z""","0"
"""6a74b94b6bc61f87d9c583c2""","""6a74b94b6bc61f87d9c583c1""","""6a74b9296bc61f87d9c58169""","MBBS, MD","5","Revathi Medical Center, Tiruppur","Tiruppur","Tamil Nadu","950","Experienced Pediatrics specialist practicing at Revathi Medical Center, Tiruppur. Committed to compassionate, quality healthcare in Tiruppur.","Tamil, English","4.5","approved","""2026-08-06T16:41:47.190Z""","""2026-08-06T16:41:47.190Z""","0"
"""6a74b94b6bc61f87d9c583ca""","""6a74b94b6bc61f87d9c583c9""","""6a74b9296bc61f87d9c5816a""","MBBS, MD","8","Government Medical College Hospital, Tiruvallur","Tiruvallur","Tamil Nadu","1000","Experienced Orthopedics specialist practicing at Government Medical College Hospital, Tiruvallur. Committed to compassionate, quality healthcare in Tiruvallur.","Tamil, English","4.6","approved","""2026-08-06T16:41:47.589Z""","""2026-08-06T16:41:47.589Z""","0"
"""6a74b94c6bc61f87d9c583d2""","""6a74b94b6bc61f87d9c583d1""","""6a74b9296bc61f87d9c5816b""","MBBS, MD","11","Government Medical College Hospital, Tiruvallur","Tiruvallur","Tamil Nadu","500","Experienced General Medicine specialist practicing at Government Medical College Hospital, Tiruvallur. Committed to compassionate, quality healthcare in Tiruvallur.","Tamil, English","4.7","approved","""2026-08-06T16:41:48.001Z""","""2026-08-06T16:41:48.001Z""","0"
"""6a74b94c6bc61f87d9c583da""","""6a74b94c6bc61f87d9c583d9""","""6a74b9296bc61f87d9c5816c""","MBBS, MD","14","Government Medical College Hospital, Tiruvannamalai","Tiruvannamalai","Tamil Nadu","550","Experienced Psychiatry specialist practicing at Government Medical College Hospital, Tiruvannamalai. Committed to compassionate, quality healthcare in Tiruvannamalai.","Tamil, English","4.8","approved","""2026-08-06T16:41:48.391Z""","""2026-08-06T16:41:48.391Z""","0"
"""6a74b94c6bc61f87d9c583e2""","""6a74b94c6bc61f87d9c583e1""","""6a74b9296bc61f87d9c5816d""","MBBS, MD","17","Government Medical College Hospital, Tiruvannamalai","Tiruvannamalai","Tamil Nadu","600","Experienced Gynecology specialist practicing at Government Medical College Hospital, Tiruvannamalai. Committed to compassionate, quality healthcare in Tiruvannamalai.","Tamil, English","4.9","approved","""2026-08-06T16:41:48.825Z""","""2026-08-06T16:41:48.825Z""","0"
"""6a74b94d6bc61f87d9c583ea""","""6a74b94d6bc61f87d9c583e9""","""6a74b9296bc61f87d9c58166""","MBBS, MD","20","Government Medical College Hospital, Tiruvannamalai","Tiruvannamalai","Tamil Nadu","650","Experienced Cardiology specialist practicing at Government Medical College Hospital, Tiruvannamalai. Committed to compassionate, quality healthcare in Tiruvannamalai.","Tamil, English","4.5","approved","""2026-08-06T16:41:49.298Z""","""2026-08-06T16:41:49.298Z""","0"
"""6a74b94e6bc61f87d9c583f2""","""6a74b94d6bc61f87d9c583f1""","""6a74b9296bc61f87d9c58167""","MBBS, MD","23","Government Tiruvarur Medical College Hospital","Tiruvarur","Tamil Nadu","700","Experienced Dermatology specialist practicing at Government Tiruvarur Medical College Hospital. Committed to compassionate, quality healthcare in Tiruvarur.","Tamil, English","4.6","approved","""2026-08-06T16:41:50.061Z""","""2026-08-06T16:41:50.061Z""","0"
"""6a74b94e6bc61f87d9c583fa""","""6a74b94e6bc61f87d9c583f9""","""6a74b9296bc61f87d9c58168""","MBBS, MD","26","Government Tiruvarur Medical College Hospital","Tiruvarur","Tamil Nadu","750","Experienced Neurology specialist practicing at Government Tiruvarur Medical College Hospital. Committed to compassionate, quality healthcare in Tiruvarur.","Tamil, English","4.7","approved","""2026-08-06T16:41:50.778Z""","""2026-08-06T16:41:50.778Z""","0"
"""6a74b94f6bc61f87d9c58402""","""6a74b94f6bc61f87d9c58401""","""6a74b9296bc61f87d9c58169""","MBBS, MD","29","Christian Medical College (CMC), Vellore","Vellore","Tamil Nadu","800","Experienced Pediatrics specialist practicing at Christian Medical College (CMC), Vellore. Committed to compassionate, quality healthcare in Vellore.","Tamil, English","4.8","approved","""2026-08-06T16:41:51.173Z""","""2026-08-06T16:41:51.173Z""","0"
"""6a74b9506bc61f87d9c5840a""","""6a74b94f6bc61f87d9c58409""","""6a74b9296bc61f87d9c5816a""","MBBS, MD","7","Christian Medical College (CMC), Vellore","Vellore","Tamil Nadu","850","Experienced Orthopedics specialist practicing at Christian Medical College (CMC), Vellore. Committed to compassionate, quality healthcare in Vellore.","Tamil, English","4.9","approved","""2026-08-06T16:41:52.086Z""","""2026-08-06T16:41:52.086Z""","0"
"""6a74b9506bc61f87d9c58412""","""6a74b9506bc61f87d9c58411""","""6a74b9296bc61f87d9c5816b""","MBBS, MD","10","Government Villupuram Medical College Hospital","Viluppuram","Tamil Nadu","900","Experienced General Medicine specialist practicing at Government Villupuram Medical College Hospital. Committed to compassionate, quality healthcare in Viluppuram.","Tamil, English","4.5","approved","""2026-08-06T16:41:52.488Z""","""2026-08-06T16:41:52.488Z""","0"
"""6a74b9506bc61f87d9c5841a""","""6a74b9506bc61f87d9c58419""","""6a74b9296bc61f87d9c5816c""","MBBS, MD","13","Government Villupuram Medical College Hospital","Viluppuram","Tamil Nadu","950","Experienced Psychiatry specialist practicing at Government Villupuram Medical College Hospital. Committed to compassionate, quality healthcare in Viluppuram.","Tamil, English","4.6","approved","""2026-08-06T16:41:52.916Z""","""2026-08-06T16:41:52.916Z""","0"
"""6a74b9516bc61f87d9c58422""","""6a74b9516bc61f87d9c58421""","""6a74b9296bc61f87d9c5816d""","MBBS, MD","16","Government Villupuram Medical College Hospital","Viluppuram","Tamil Nadu","1000","Experienced Gynecology specialist practicing at Government Villupuram Medical College Hospital. Committed to compassionate, quality healthcare in Viluppuram.","Tamil, English","4.7","approved","""2026-08-06T16:41:53.303Z""","""2026-08-06T16:41:53.303Z""","0"
"""6a74b9516bc61f87d9c5842a""","""6a74b9516bc61f87d9c58429""","""6a74b9296bc61f87d9c58166""","MBBS, MD","19","Government Medical College Hospital, Virudhunagar","Virudhunagar","Tamil Nadu","500","Experienced Cardiology specialist practicing at Government Medical College Hospital, Virudhunagar. Committed to compassionate, quality healthcare in Virudhunagar.","Tamil, English","4.8","approved","""2026-08-06T16:41:53.687Z""","""2026-08-06T16:41:53.687Z""","0"
"""6a74b9526bc61f87d9c58432""","""6a74b9526bc61f87d9c58431""","""6a74b9296bc61f87d9c58167""","MBBS, MD","22","Government Medical College Hospital, Virudhunagar","Virudhunagar","Tamil Nadu","550","Experienced Dermatology specialist practicing at Government Medical College Hospital, Virudhunagar. Committed to compassionate, quality healthcare in Virudhunagar.","Tamil, English","4.9","approved","""2026-08-06T16:41:54.083Z""","""2026-08-06T16:41:54.083Z""","0"