_id,name,email,password,phone,role,profile_image,address,created_at,updated_at,__v
"""6a74b45582e7a429699cd4db""","System Administrator","admin@bookadoctor.com","$2a$10$r2TsUGql7Nk8YpC2sAZXAO/v9JjkDnbqsvkJ19Rjh9LXykPcBT4O.","+91-9876543210","admin","","Health HQ, Chennai, Tamil Nadu","""2026-08-06T16:20:37.138Z""","""2026-08-06T16:20:37.138Z""","0"
"""6a74b45582e7a429699cd4dc""","John Doe","patient@example.com","$2a$10$Za2okrvC4bfmao/G176PUO5/ATCP0JXCJ3kUe1bWA.mswJ3oN42yq","+91-9876543211","patient","","12 Anna Salai, Chennai, Tamil Nadu","""2026-08-06T16:20:37.141Z""","""2026-08-06T16:20:37.141Z""","0"
"""6a74b45582e7a429699cd4de""","Dr. Suresh Subramanian","suresh.subramanian1@bookadoctor.in","$2a$10$Za2okrvC4bfmao/G176PUO5/ATCP0JXCJ3kUe1bWA.mswJ3oN42yq","+91-984000001","doctor","https://images.unsplash.com/photo-1537368910025-700350fe46c7?auto=format&fit=crop&q=80&w=400","Government Head Quarters Hospital, Ariyalur, Ariyalur, Tamil Nadu","""2026-08-06T16:20:37.146Z""","""2026-08-06T16:20:37.146Z""","0"
"""6a74b45582e7a429699cd4e6""","Dr. Lakshmi Natarajan","lakshmi.natarajan2@bookadoctor.in","$2a$10$Za2okrvC4bfmao/G176PUO5/ATCP0JXCJ3kUe1bWA.mswJ3oN42yq","+91-984000002","doctor","https://images.unsplash.com/photo-1651008376811-b90baee60c1f?auto=format&fit=crop&q=80&w=400","Government Head Quarters Hospital, Ariyalur, Ariyalur, Tamil Nadu","""2026-08-06T16:20:37.161Z""","""2026-08-06T16:20:37.161Z""","0"
"""6a74b45582e7a429699cd4ee""","Dr. Venkatesh Krishnan","venkatesh.krishnan3@bookadoctor.in","$2a$10$Za2okrvC4bfmao/G176PUO5/ATCP0JXCJ3kUe1bWA.mswJ3oN42yq","+91-984000003","doctor","https://images.unsplash.com/photo-1582750433449-648ed127bb54?auto=format&fit=crop&q=80&w=400","Government Head Quarters Hospital, Ariyalur, Ariyalur, Tamil Nadu","""2026-08-06T16:20:37.173Z""","""2026-08-06T16:20:37.173Z""","0"
"""6a74b45582e7a429699cd4f6""","Dr. Meena Murugan","meena.murugan4@bookadoctor.in","$2a$10$Za2okrvC4bfmao/G176PUO5/ATCP0JXCJ3kUe1bWA.mswJ3oN42yq","+91-984000004","doctor","https://images.unsplash.com/photo-1559839734-2b71ea197ec2?auto=format&fit=crop&q=80&w=400","Chengalpattu Medical College & Hospital, Chengalpattu, Tamil Nadu","""2026-08-06T16:20:37.184Z""","""2026-08-06T16:20:37.184Z""","0"
"""6a74b45582e7a429699cd4fe""","Dr. Rajesh Iyengar","rajesh.iyengar5@bookadoctor.in","$2a$10$Za2okrvC4bfmao/G176PUO5/ATCP0JXCJ3kUe1bWA.mswJ3oN42yq","+91-984000005","doctor","https://images.unsplash.com/photo-1622253692010-333f2da6031d?auto=format&fit=crop&q=80&w=400","Chengalpattu Medical College & Hospital, Chengalpattu, Tamil Nadu","""2026-08-06T16:20:37.197Z""","""2026-08-06T16:20:37.197Z""","0"
"""6a74b45582e7a429699cd506""","Dr. Radha Balasubramanian","radha.balasubramanian6@bookadoctor.in","$2a$10$Za2okrvC4bfmao/G176PUO5/ATCP0JXCJ3kUe1bWA.mswJ3oN42yq","+91-984000006","doctor","https://images.unsplash.com/photo-1651008376811-b90baee60c1f?auto=format&fit=crop&q=80&w=400","Apollo Hospitals, Greams Road, Chennai, Chennai, Tamil Nadu","""2026-08-06T16:20:37.209Z""","""2026-08-06T16:20:37.209Z""","0"
"""6a74b45582e7a429699cd50e""","Dr. Vijay Chettiar","vijay.chettiar7@bookadoctor.in","$2a$10$Za2okrvC4bfmao/G176PUO5/ATCP0JXCJ3kUe1bWA.mswJ3oN42yq","+91-984000007","doctor","https://images.unsplash.com/photo-1612349317150-e413f6a5b16d?auto=format&fit=crop&q=80&w=400","Apollo Hospitals, Greams Road, Chennai, Chennai, Tamil Nadu","""2026-08-06T16:20:37.219Z""","""2026-08-06T16:20:37.219Z""","0"
"""6a74b45582e7a429699cd516""","Dr. Sangeetha Pillai","sangeetha.pillai8@bookadoctor.in","$2a$10$Za2okrvC4bfmao/G176PUO5/ATCP0JXCJ3kUe1bWA.mswJ3oN42yq","+91-984000008","doctor","https://images.unsplash.com/photo-1559839734-2b71ea197ec2?auto=format&fit=crop&q=80&w=400","Ganga Medical Centre & Hospitals, Coimbatore, Coimbatore, Tamil Nadu","""2026-08-06T16:20:37.231Z""","""2026-08-06T16:20:37.231Z""","0"
"""6a74b45582e7a429699cd51e""","Dr. Prakash Ganesan","prakash.ganesan9@bookadoctor.in","$2a$10$Za2okrvC4bfmao/G176PUO5/ATCP0JXCJ3kUe1bWA.mswJ3oN42yq","+91-984000009","doctor","https://images.unsplash.com/photo-1576091160399-112ba8d25d1d?auto=format&fit=crop&q=80&w=400","Ganga Medical Centre & Hospitals, Coimbatore, Coimbatore, Tamil Nadu","""2026-08-06T16:20:37.242Z""","""2026-08-06T16:20:37.242Z""","0"
"""6a74b45582e7a429699cd526""","Dr. Aarthi Srinivasan","aarthi.srinivasan10@bookadoctor.in","$2a$10$Za2okrvC4bfmao/G176PUO5/ATCP0JXCJ3kUe1bWA.mswJ3oN42yq","+91-984000010","doctor","https://images.unsplash.com/photo-1651008376811-b90baee60c1f?auto=format&fit=crop&q=80&w=400","Ganga Medical Centre & Hospitals, Coimbatore, Coimbatore, Tamil Nadu","""2026-08-06T16:20:37.253Z""","""2026-08-06T16:20:37.253Z""","0"
"""6a74b45582e7a429699cd52e""","Dr. Sanjay Raghavan","sanjay.raghavan11@bookadoctor.in","$2a$10$Za2okrvC4bfmao/G176PUO5/ATCP0JXCJ3kUe1bWA.mswJ3oN42yq","+91-984000011","doctor","https://images.unsplash.com/photo-1537368910025-700350fe46c7?auto=format&fit=crop&q=80&w=400","Rajah Muthiah Medical College & Hospital, Cuddalore, Cuddalore, Tamil Nadu","""2026-08-06T16:20:37.264Z""","""2026-08-06T16:20:37.264Z""","0"
"""6a74b45582e7a429699cd536""","Dr. Nithya Sundaram","nithya.sundaram12@bookadoctor.in","$2a$10$Za2okrvC4bfmao/G176PUO5/ATCP0JXCJ3kUe1bWA.mswJ3oN42yq","+91-984000012","doctor","https://images.unsplash.com/photo-1559839734-2b71ea197ec2?auto=format&fit=crop&q=80&w=400","Rajah Muthiah Medical College & Hospital, Cuddalore, Cuddalore, Tamil Nadu","""2026-08-06T16:20:37.274Z""","""2026-08-06T16:20:37.274Z""","0"
"""6a74b45582e7a429699cd53e""","Dr. Manoj Ramanathan","manoj.ramanathan13@bookadoctor.in","$2a$10$Za2okrvC4bfmao/G176PUO5/ATCP0JXCJ3kUe1bWA.mswJ3oN42yq","+91-984000013","doctor","https://images.unsplash.com/photo-1582750433449-648ed127bb54?auto=format&fit=crop&q=80&w=400","Dharmapuri Government Medical College Hospital, Dharmapuri, Tamil Nadu","""2026-08-06T16:20:37.284Z""","""2026-08-06T16:20:37.284Z""","0"
"""6a74b45582e7a429699cd546""","Dr. Kavitha Subramanian","kavitha.subramanian14@bookadoctor.in","$2a$10$Za2okrvC4bfmao/G176PUO5/ATCP0JXCJ3kUe1bWA.mswJ3oN42yq","+91-984000014","doctor","https://images.unsplash.com/photo-1651008376811-b90baee60c1f?auto=format&fit=crop&q=80&w=400","Dharmapuri Government Medical College Hospital, Dharmapuri, Tamil Nadu","""2026-08-06T16:20:37.296Z""","""2026-08-06T16:20:37.296Z""","0"
"""6a74b45582e7a429699cd54e""","Dr. Suresh Natarajan","suresh.natarajan15@bookadoctor.in","$2a$10$Za2okrvC4bfmao/G176PUO5/ATCP0JXCJ3kUe1bWA.mswJ3oN42yq","+91-984000015","doctor","https://images.unsplash.com/photo-1622253692010-333f2da6031d?auto=format&fit=crop&q=80&w=400","City Care Specialty Hospital, Dindigul, Dindigul, Tamil Nadu","""2026-08-06T16:20:37.308Z""","""2026-08-06T16:20:37.308Z""","0"
"""6a74b45582e7a429699cd556""","Dr. Anitha Krishnan","anitha.krishnan16@bookadoctor.in","$2a$10$Za2okrvC4bfmao/G176PUO5/ATCP0JXCJ3kUe1bWA.mswJ3oN42yq","+91-984000016","doctor","https://images.unsplash.com/photo-1559839734-2b71ea197ec2?auto=format&fit=crop&q=80&w=400","City Care Specialty Hospital, Dindigul, Dindigul, Tamil Nadu","""2026-08-06T16:20:37.321Z""","""2026-08-06T16:20:37.321Z""","0"
"""6a74b45582e7a429699cd55e""","Dr. Venkatesh Murugan","venkatesh.murugan17@bookadoctor.in","$2a$10$Za2okrvC4bfmao/G176PUO5/ATCP0JXCJ3kUe1bWA.mswJ3oN42yq","+91-984000017","doctor","https://images.unsplash.com/photo-1612349317150-e413f6a5b16d?auto=format&fit=crop&q=80&w=400","City Care Specialty Hospital, Dindigul, Dindigul, Tamil Nadu","""2026-08-06T16:20:37.332Z""","""2026-08-06T16:20:37.332Z""","0"
"""6a74b45582e7a429699cd566""","Dr. Deepa Iyengar","deepa.iyengar18@bookadoctor.in","$2a$10$Za2okrvC4bfmao/G176PUO5/ATCP0JXCJ3kUe1bWA.mswJ3oN42yq","+91-984000018","doctor","https://images.unsplash.com/photo-1651008376811-b90baee60c1f?auto=format&fit=crop&q=80&w=400","Lotus Hospital & Research Centre, Erode, Erode, Tamil Nadu","""2026-08-06T16:20:37.346Z""","""2026-08-06T16:20:37.346Z""","0"
"""6a74b45582e7a429699cd56e""","Dr. Rajesh Balasubramanian","rajesh.balasubramanian19@bookadoctor.in","$2a$10$Za2okrvC4bfmao/G176PUO5/ATCP0JXCJ3kUe1bWA.mswJ3oN42yq","+91-984000019","doctor","https://images.unsplash.com/photo-1576091160399-112ba8d25d1d?auto=format&fit=crop&q=80&w=400","Lotus Hospital & Research Centre, Erode, Erode, Tamil Nadu","""2026-08-06T16:20:37.357Z""","""2026-08-06T16:20:37.357Z""","0"
"""6a74b45582e7a429699cd576""","Dr. Divya Chettiar","divya.chettiar20@bookadoctor.in","$2a$10$Za2okrvC4bfmao/G176PUO5/ATCP0JXCJ3kUe1bWA.mswJ3oN42yq","+91-984000020","doctor","https://images.unsplash.com/photo-1559839734-2b71ea197ec2?auto=format&fit=crop&q=80&w=400","Government Medical College Hospital, Kallakurichi, Kallakurichi, Tamil Nadu","""2026-08-06T16:20:37.367Z""","""2026-08-06T16:20:37.367Z""","0"
"""6a74b45582e7a429699cd57e""","Dr. Vijay Pillai","vijay.pillai21@bookadoctor.in","$2a$10$Za2okrvC4bfmao/G176PUO5/ATCP0JXCJ3kUe1bWA.mswJ3oN42yq","+91-984000021","doctor","https://images.unsplash.com/photo-1537368910025-700350fe46c7?auto=format&fit=crop&q=80&w=400","Government Medical College Hospital, Kallakurichi, Kallakurichi, Tamil Nadu","""2026-08-06T16:20:37.379Z""","""2026-08-06T16:20:37.379Z""","0"
"""6a74b45582e7a429699cd586""","Dr. Revathi Ganesan","revathi.ganesan22@bookadoctor.in","$2a$10$Za2okrvC4bfmao/G176PUO5/ATCP0JXCJ3kUe1bWA.mswJ3oN42yq","+91-984000022","doctor","https://images.unsplash.com/photo-1651008376811-b90baee60c1f?auto=format&fit=crop&q=80&w=400","Sri Ramachandra Specialty Clinic, Kancheepuram, Kancheepuram, Tamil Nadu","""2026-08-06T16:20:37.391Z""","""2026-08-06T16:20:37.391Z""","0"
"""6a74b45582e7a429699cd58e""","Dr. Prakash Srinivasan","prakash.srinivasan23@bookadoctor.in","$2a$10$Za2okrvC4bfmao/G176PUO5/ATCP0JXCJ3kUe1bWA.mswJ3oN42yq","+91-984000023","doctor","https://images.unsplash.com/photo-1582750433449-648ed127bb54?auto=format&fit=crop&q=80&w=400","Sri Ramachandra Specialty Clinic, Kancheepuram, Kancheepuram, Tamil Nadu","""2026-08-06T16:20:37.402Z""","""2026-08-06T16:20:37.402Z""","0"
"""6a74b45582e7a429699cd596""","Dr. Gayathri Raghavan","gayathri.raghavan24@bookadoctor.in","$2a$10$Za2okrvC4bfmao/G176PUO5/ATCP0JXCJ3kUe1bWA.mswJ3oN42yq","+91-984000024","doctor","https://images.unsplash.com/photo-1559839734-2b71ea197ec2?auto=format&fit=crop&q=80&w=400","Sri Ramachandra Specialty Clinic, Kancheepuram, Kancheepuram, Tamil Nadu","""2026-08-06T16:20:37.414Z""","""2026-08-06T16:20:37.414Z""","0"
"""6a74b45582e7a429699cd59e""","Dr. Sanjay Sundaram","sanjay.sundaram25@bookadoctor.in","$2a$10$Za2okrvC4bfmao/G176PUO5/ATCP0JXCJ3kUe1bWA.mswJ3oN42yq","+91-984000025","doctor","https://images.unsplash.com/photo-1622253692010-333f2da6031d?auto=format&fit=crop&q=80&w=400","Kanyakumari Medical College Hospital, Nagercoil, Kanniyakumari, Tamil Nadu","""2026-08-06T16:20:37.425Z""","""2026-08-06T16:20:37.425Z""","0"
"""6a74b45582e7a429699cd5a6""","Dr. Priya Ramanathan","priya.ramanathan26@bookadoctor.in","$2a$10$Za2okrvC4bfmao/G176PUO5/ATCP0JXCJ3kUe1bWA.mswJ3oN42yq","+91-984000026","doctor","https://images.unsplash.com/photo-1651008376811-b90baee60c1f?auto=format&fit=crop&q=80&w=400","Kanyakumari Medical College Hospital, Nagercoil, Kanniyakumari, Tamil Nadu","""2026-08-06T16:20:37.437Z""","""2026-08-06T16:20:37.437Z""","0"
"""6a74b45582e7a429699cd5ae""","Dr. Manoj Subramanian","manoj.subramanian27@bookadoctor.in","$2a$10$Za2okrvC4bfmao/G176PUO5/ATCP0JXCJ3kUe1bWA.mswJ3oN42yq","+91-984000027","doctor","https://images.unsplash.com/photo-1612349317150-e413f6a5b16d?auto=format&fit=crop&q=80&w=400","Government Medical College Hospital, Karur, Karur, Tamil Nadu","""2026-08-06T16:20:37.448Z""","""2026-08-06T16:20:37.448Z""","0"
"""6a74b45582e7a429699cd5b6""","Dr. Lakshmi Natarajan","lakshmi.natarajan28@bookadoctor.in","$2a$10$Za2okrvC4bfmao/G176PUO5/ATCP0JXCJ3kUe1bWA.mswJ3oN42yq","+91-984000028","doctor","https://images.unsplash.com/photo-1559839734-2b71ea197ec2?auto=format&fit=crop&q=80&w=400","Government Medical College Hospital, Karur, Karur, Tamil Nadu","""2026-08-06T16:20:37.458Z""","""2026-08-06T16:20:37.458Z""","0"
"""6a74b45582e7a429699cd5be""","Dr. Suresh Krishnan","suresh.krishnan29@bookadoctor.in","$2a$10$Za2okrvC4bfmao/G176PUO5/ATCP0JXCJ3kUe1bWA.mswJ3oN42yq","+91-984000029","doctor","https://images.unsplash.com/photo-1576091160399-112ba8d25d1d?auto=format&fit=crop&q=80&w=400","Kauvery Multi-Specialty Clinic, Krishnagiri, Krishnagiri, Tamil Nadu","""2026-08-06T16:20:37.467Z""","""2026-08-06T16:20:37.467Z""","0"
"""6a74b45582e7a429699cd5c6""","Dr. Meena Murugan","meena.murugan30@bookadoctor.in","$2a$10$Za2okrvC4bfmao/G176PUO5/ATCP0JXCJ3kUe1bWA.mswJ3oN42yq","+91-984000030","doctor","https://images.unsplash.com/photo-1651008376811-b90baee60c1f?auto=format&fit=crop&q=80&w=400","Kauvery Multi-Specialty Clinic, Krishnagiri, Krishnagiri, Tamil Nadu","""2026-08-06T16:20:37.479Z""","""2026-08-06T16:20:37.479Z""","0"
"""6a74b45582e7a429699cd5ce""","Dr. Venkatesh Iyengar","venkatesh.iyengar31@bookadoctor.in","$2a$10$Za2okrvC4bfmao/G176PUO5/ATCP0JXCJ3kUe1bWA.mswJ3oN42yq","+91-984000031","doctor","https://images.unsplash.com/photo-1537368910025-700350fe46c7?auto=format&fit=crop&q=80&w=400","Kauvery Multi-Specialty Clinic, Krishnagiri, Krishnagiri, Tamil Nadu","""2026-08-06T16:20:37.490Z""","""2026-08-06T16:20:37.490Z""","0"
"""6a74b45582e7a429699cd5d6""","Dr. Radha Balasubramanian","radha.balasubramanian32@bookadoctor.in","$2a$10$Za2okrvC4bfmao/G176PUO5/ATCP0JXCJ3kUe1bWA.mswJ3oN42yq","+91-984000032","doctor","https://images.unsplash.com/photo-1559839734-2b71ea197ec2?auto=format&fit=crop&q=80&w=400","Meenakshi Mission Hospital & Research Centre, Madurai, Madurai, Tamil Nadu","""2026-08-06T16:20:37.500Z""","""2026-08-06T16:20:37.500Z""","0"
"""6a74b45582e7a429699cd5de""","Dr. Rajesh Chettiar","rajesh.chettiar33@bookadoctor.in","$2a$10$Za2okrvC4bfmao/G176PUO5/ATCP0JXCJ3kUe1bWA.mswJ3oN42yq","+91-984000033","doctor","https://images.unsplash.com/photo-1582750433449-648ed127bb54?auto=format&fit=crop&q=80&w=400","Meenakshi Mission Hospital & Research Centre, Madurai, Madurai, Tamil Nadu","""2026-08-06T16:20:37.511Z""","""2026-08-06T16:20:37.511Z""","0"
"""6a74b45582e7a429699cd5e6""","Dr. Sangeetha Pillai","sangeetha.pillai34@bookadoctor.in","$2a$10$Za2okrvC4bfmao/G176PUO5/ATCP0JXCJ3kUe1bWA.mswJ3oN42yq","+91-984000034","doctor","https://images.unsplash.com/photo-1651008376811-b90baee60c1f?auto=format&fit=crop&q=80&w=400","Government General Hospital, Mayiladuthurai, Mayiladuthurai, Tamil Nadu","""2026-08-06T16:20:37.524Z""","""2026-08-06T16:20:37.524Z""","0"
"""6a74b45582e7a429699cd5ee""","Dr. Vijay Ganesan","vijay.ganesan35@bookadoctor.in","$2a$10$Za2okrvC4bfmao/G176PUO5/ATCP0JXCJ3kUe1bWA.mswJ3oN42yq","+91-984000035","doctor","https://images.unsplash.com/photo-1622253692010-333f2da6031d?auto=format&fit=crop&q=80&w=400","Government General Hospital, Mayiladuthurai, Mayiladuthurai, Tamil Nadu","""2026-08-06T16:20:37.540Z""","""2026-08-06T16:20:37.540Z""","0"
"""6a74b45582e7a429699cd5f6""","Dr. Aarthi Srinivasan","aarthi.srinivasan36@bookadoctor.in","$2a$10$Za2okrvC4bfmao/G176PUO5/ATCP0JXCJ3kUe1bWA.mswJ3oN42yq","+91-984000036","doctor","https://images.unsplash.com/photo-1559839734-2b71ea197ec2?auto=format&fit=crop&q=80&w=400","Government District Head Quarters Hospital, Nagapattinam, Nagapattinam, Tamil Nadu","""2026-08-06T16:20:37.554Z""","""2026-08-06T16:20:37.554Z""","0"
"""6a74b45582e7a429699cd5fe""","Dr. Prakash Raghavan","prakash.raghavan37@bookadoctor.in","$2a$10$Za2okrvC4bfmao/G176PUO5/ATCP0JXCJ3kUe1bWA.mswJ3oN42yq","+91-984000037","doctor","https://images.unsplash.com/photo-1612349317150-e413f6a5b16d?auto=format&fit=crop&q=80&w=400","Government District Head Quarters Hospital, Nagapattinam, Nagapattinam, Tamil Nadu","""2026-08-06T16:20:37.566Z""","""2026-08-06T16:20:37.566Z""","0"
"""6a74b45582e7a429699cd606""","Dr. Nithya Sundaram","nithya.sundaram38@bookadoctor.in","$2a$10$Za2okrvC4bfmao/G176PUO5/ATCP0JXCJ3kUe1bWA.mswJ3oN42yq","+91-984000038","doctor","https://images.unsplash.com/photo-1651008376811-b90baee60c1f?auto=format&fit=crop&q=80&w=400","Government District Head Quarters Hospital, Nagapattinam, Nagapattinam, Tamil Nadu","""2026-08-06T16:20:37.578Z""","""2026-08-06T16:20:37.578Z""","0"
"""6a74b45582e7a429699cd60e""","Dr. Sanjay Ramanathan","sanjay.ramanathan39@bookadoctor.in","$2a$10$Za2okrvC4bfmao/G176PUO5/ATCP0JXCJ3kUe1bWA.mswJ3oN42yq","+91-984000039","doctor","https://images.unsplash.com/photo-1576091160399-112ba8d25d1d?auto=format&fit=crop&q=80&w=400","Government Head Quarters Hospital, Namakkal, Namakkal, Tamil Nadu","""2026-08-06T16:20:37.590Z""","""2026-08-06T16:20:37.590Z""","0"
"""6a74b45582e7a429699cd616""","Dr. Kavitha Subramanian","kavitha.subramanian40@bookadoctor.in","$2a$10$Za2okrvC4bfmao/G176PUO5/ATCP0JXCJ3kUe1bWA.mswJ3oN42yq","+91-984000040","doctor","https://images.unsplash.com/photo-1559839734-2b71ea197ec2?auto=format&fit=crop&q=80&w=400","Government Head Quarters Hospital, Namakkal, Namakkal, Tamil Nadu","""2026-08-06T16:20:37.601Z""","""2026-08-06T16:20:37.601Z""","0"
"""6a74b45582e7a429699cd61e""","Dr. Manoj Natarajan","manoj.natarajan41@bookadoctor.in","$2a$10$Za2okrvC4bfmao/G176PUO5/ATCP0JXCJ3kUe1bWA.mswJ3oN42yq","+91-984000041","doctor","https://images.unsplash.com/photo-1537368910025-700350fe46c7?auto=format&fit=crop&q=80&w=400","Government District Head Quarters Hospital, Ooty, The Nilgiris, Tamil Nadu","""2026-08-06T16:20:37.614Z""","""2026-08-06T16:20:37.614Z""","0"
"""6a74b45582e7a429699cd626""","Dr. Anitha Krishnan","anitha.krishnan42@bookadoctor.in","$2a$10$Za2okrvC4bfmao/G176PUO5/ATCP0JXCJ3kUe1bWA.mswJ3oN42yq","+91-984000042","doctor","https://images.unsplash.com/photo-1651008376811-b90baee60c1f?auto=format&fit=crop&q=80&w=400","Government District Head Quarters Hospital, Ooty, The Nilgiris, Tamil Nadu","""2026-08-06T16:20:37.627Z""","""2026-08-06T16:20:37.627Z""","0"
"""6a74b45582e7a429699cd62e""","Dr. Suresh Murugan","suresh.murugan43@bookadoctor.in","$2a$10$Za2okrvC4bfmao/G176PUO5/ATCP0JXCJ3kUe1bWA.mswJ3oN42yq","+91-984000043","doctor","https://images.unsplash.com/photo-1582750433449-648ed127bb54?auto=format&fit=crop&q=80&w=400","Dhanalakshmi Srinivasan Medical College, Perambalur, Perambalur, Tamil Nadu","""2026-08-06T16:20:37.639Z""","""2026-08-06T16:20:37.639Z""","0"
"""6a74b45582e7a429699cd636""","Dr. Deepa Iyengar","deepa.iyengar44@bookadoctor.in","$2a$10$Za2okrvC4bfmao/G176PUO5/ATCP0JXCJ3kUe1bWA.mswJ3oN42yq","+91-984000044","doctor","https://images.unsplash.com/photo-1559839734-2b71ea197ec2?auto=format&fit=crop&q=80&w=400","Dhanalakshmi Srinivasan Medical College, Perambalur, Perambalur, Tamil Nadu","""2026-08-06T16:20:37.653Z""","""2026-08-06T16:20:37.653Z""","0"
"""6a74b45582e7a429699cd63e""","Dr. Venkatesh Balasubramanian","venkatesh.balasubramanian45@bookadoctor.in","$2a$10$Za2okrvC4bfmao/G176PUO5/ATCP0JXCJ3kUe1bWA.mswJ3oN42yq","+91-984000045","doctor","https://images.unsplash.com/photo-1622253692010-333f2da6031d?auto=format&fit=crop&q=80&w=400","Dhanalakshmi Srinivasan Medical College, Perambalur, Perambalur, Tamil Nadu","""2026-08-06T16:20:37.666Z""","""2026-08-06T16:20:37.666Z""","0"
"""6a74b45582e7a429699cd646""","Dr. Divya Chettiar","divya.chettiar46@bookadoctor.in","$2a$10$Za2okrvC4bfmao/G176PUO5/ATCP0JXCJ3kUe1bWA.mswJ3oN42yq","+91-984000046","doctor","https://images.unsplash.com/photo-1651008376811-b90baee60c1f?auto=format&fit=crop&q=80&w=400","Government Pudukkottai Medical College Hospital, Pudukkottai, Tamil Nadu","""2026-08-06T16:20:37.678Z""","""2026-08-06T16:20:37.678Z""","0"
"""6a74b45582e7a429699cd64e""","Dr. Rajesh Pillai","rajesh.pillai47@bookadoctor.in","$2a$10$Za2okrvC4bfmao/G176PUO5/ATCP0JXCJ3kUe1bWA.mswJ3oN42yq","+91-984000047","doctor","https://images.unsplash.com/photo-1612349317150-e413f6a5b16d?auto=format&fit=crop&q=80&w=400","Government Pudukkottai Medical College Hospital, Pudukkottai, Tamil Nadu","""2026-08-06T16:20:37.690Z""","""2026-08-06T16:20:37.690Z""","0"
"""6a74b45582e7a429699cd656""","Dr. Revathi Ganesan","revathi.ganesan48@bookadoctor.in","$2a$10$Za2okrvC4bfmao/G176PUO5/ATCP0JXCJ3kUe1bWA.mswJ3oN42yq","+91-984000048","doctor","https://images.unsplash.com/photo-1559839734-2b71ea197ec2?auto=format&fit=crop&q=80&w=400","Government Medical College Hospital, Ramanathapuram, Ramanathapuram, Tamil Nadu","""2026-08-06T16:20:37.703Z""","""2026-08-06T16:20:37.703Z""","0"
"""6a74b45582e7a429699cd65e""","Dr. Vijay Srinivasan","vijay.srinivasan49@bookadoctor.in","$2a$10$Za2okrvC4bfmao/G176PUO5/ATCP0JXCJ3kUe1bWA.mswJ3oN42yq","+91-984000049","doctor","https://images.unsplash.com/photo-1576091160399-112ba8d25d1d?auto=format&fit=crop&q=80&w=400","Government Medical College Hospital, Ramanathapuram, Ramanathapuram, Tamil Nadu","""2026-08-06T16:20:37.715Z""","""2026-08-06T16:20:37.715Z""","0"
"""6a74b45582e7a429699cd666""","Dr. Gayathri Raghavan","gayathri.raghavan50@bookadoctor.in","$2a$10$Za2okrvC4bfmao/G176PUO5/ATCP0JXCJ3kUe1bWA.mswJ3oN42yq","+91-984000050","doctor","https://images.unsplash.com/photo-1651008376811-b90baee60c1f?auto=format&fit=crop&q=80&w=400","CMC Vellore Campus, Ranipet, Ranipet, Tamil Nadu","""2026-08-06T16:20:37.728Z""","""2026-08-06T16:20:37.728Z""","0"
"""6a74b45582e7a429699cd66e""","Dr. Prakash Sundaram","prakash.sundaram51@bookadoctor.in","$2a$10$Za2okrvC4bfmao/G176PUO5/ATCP0JXCJ3kUe1bWA.mswJ3oN42yq","+91-984000051","doctor","https://images.unsplash.com/photo-1537368910025-700350fe46c7?auto=format&fit=crop&q=80&w=400","CMC Vellore Campus, Ranipet, Ranipet, Tamil Nadu","""2026-08-06T16:20:37.741Z""","""2026-08-06T16:20:37.741Z""","0"
"""6a74b45582e7a429699cd676""","Dr. Priya Ramanathan","priya.ramanathan52@bookadoctor.in","$2a$10$Za2okrvC4bfmao/G176PUO5/ATCP0JXCJ3kUe1bWA.mswJ3oN42yq","+91-984000052","doctor","https://images.unsplash.com/photo-1559839734-2b71ea197ec2?auto=format&fit=crop&q=80&w=400","CMC Vellore Campus, Ranipet, Ranipet, Tamil Nadu","""2026-08-06T16:20:37.754Z""","""2026-08-06T16:20:37.754Z""","0"
"""6a74b45582e7a429699cd67e""","Dr. Sanjay Subramanian","sanjay.subramanian53@bookadoctor.in","$2a$10$Za2okrvC4bfmao/G176PUO5/ATCP0JXCJ3kUe1bWA.mswJ3oN42yq","+91-984000053","doctor","https://images.unsplash.com/photo-1582750433449-648ed127bb54?auto=format&fit=crop&q=80&w=400","Manipal Hospital, Dalmia Board, Salem, Salem, Tamil Nadu","""2026-08-06T16:20:37.766Z""","""2026-08-06T16:20:37.766Z""","0"
"""6a74b45582e7a429699cd686""","Dr. Lakshmi Natarajan","lakshmi.natarajan54@bookadoctor.in","$2a$10$Za2okrvC4bfmao/G176PUO5/ATCP0JXCJ3kUe1bWA.mswJ3oN42yq","+91-984000054","doctor","https://images.unsplash.com/photo-1651008376811-b90baee60c1f?auto=format&fit=crop&q=80&w=400","Manipal Hospital, Dalmia Board, Salem, Salem, Tamil Nadu","""2026-08-06T16:20:37.781Z""","""2026-08-06T16:20:37.781Z""","0"
"""6a74b45582e7a429699cd68e""","Dr. Manoj Krishnan","manoj.krishnan55@bookadoctor.in","$2a$10$Za2okrvC4bfmao/G176PUO5/ATCP0JXCJ3kUe1bWA.mswJ3oN42yq","+91-984000055","doctor","https://images.unsplash.com/photo-1622253692010-333f2da6031d?auto=format&fit=crop&q=80&w=400","Government Sivagangai Medical College Hospital, Sivaganga, Tamil Nadu","""2026-08-06T16:20:37.793Z""","""2026-08-06T16:20:37.793Z""","0"
"""6a74b45582e7a429699cd696""","Dr. Meena Murugan","meena.murugan56@bookadoctor.in","$2a$10$Za2okrvC4bfmao/G176PUO5/ATCP0JXCJ3kUe1bWA.mswJ3oN42yq","+91-984000056","doctor","https://images.unsplash.com/photo-1559839734-2b71ea197ec2?auto=format&fit=crop&q=80&w=400","Government Sivagangai Medical College Hospital, Sivaganga, Tamil Nadu","""2026-08-06T16:20:37.803Z""","""2026-08-06T16:20:37.803Z""","0"
"""6a74b45582e7a429699cd69e""","Dr. Suresh Iyengar","suresh.iyengar57@bookadoctor.in","$2a$10$Za2okrvC4bfmao/G176PUO5/ATCP0JXCJ3kUe1bWA.mswJ3oN42yq","+91-984000057","doctor","https://images.unsplash.com/photo-1612349317150-e413f6a5b16d?auto=format&fit=crop&q=80&w=400","Government District Hospital, Tenkasi, Tenkasi, Tamil Nadu","""2026-08-06T16:20:37.815Z""","""2026-08-06T16:20:37.815Z""","0"
"""6a74b45582e7a429699cd6a6""","Dr. Radha Balasubramanian","radha.balasubramanian58@bookadoctor.in","$2a$10$Za2okrvC4bfmao/G176PUO5/ATCP0JXCJ3kUe1bWA.mswJ3oN42yq","+91-984000058","doctor","https://images.unsplash.com/photo-1651008376811-b90baee60c1f?auto=format&fit=crop&q=80&w=400","Government District Hospital, Tenkasi, Tenkasi, Tamil Nadu","""2026-08-06T16:20:37.828Z""","""2026-08-06T16:20:37.828Z""","0"
"""6a74b45582e7a429699cd6ae""","Dr. Venkatesh Chettiar","venkatesh.chettiar59@bookadoctor.in","$2a$10$Za2okrvC4bfmao/G176PUO5/ATCP0JXCJ3kUe1bWA.mswJ3oN42yq","+91-984000059","doctor","https://images.unsplash.com/photo-1576091160399-112ba8d25d1d?auto=format&fit=crop&q=80&w=400","Government District Hospital, Tenkasi, Tenkasi, Tamil Nadu","""2026-08-06T16:20:37.840Z""","""2026-08-06T16:20:37.840Z""","0"
"""6a74b45582e7a429699cd6b6""","Dr. Sangeetha Pillai","sangeetha.pillai60@bookadoctor.in","$2a$10$Za2okrvC4bfmao/G176PUO5/ATCP0JXCJ3kUe1bWA.mswJ3oN42yq","+91-984000060","doctor","https://images.unsplash.com/photo-1559839734-2b71ea197ec2?auto=format&fit=crop&q=80&w=400","Thanjavur Medical College Hospital, Thanjavur, Thanjavur, Tamil Nadu","""2026-08-06T16:20:37.854Z""","""2026-08-06T16:20:37.854Z""","0"
"""6a74b45582e7a429699cd6be""","Dr. Rajesh Ganesan","rajesh.ganesan61@bookadoctor.in","$2a$10$Za2okrvC4bfmao/G176PUO5/ATCP0JXCJ3kUe1bWA.mswJ3oN42yq","+91-984000061","doctor","https://images.unsplash.com/photo-1537368910025-700350fe46c7?auto=format&fit=crop&q=80&w=400","Thanjavur Medical College Hospital, Thanjavur, Thanjavur, Tamil Nadu","""2026-08-06T16:20:37.868Z""","""2026-08-06T16:20:37.868Z""","0"
"""6a74b45582e7a429699cd6c6""","Dr. Aarthi Srinivasan","aarthi.srinivasan62@bookadoctor.in","$2a$10$Za2okrvC4bfmao/G176PUO5/ATCP0JXCJ3kUe1bWA.mswJ3oN42yq","+91-984000062","doctor","https://images.unsplash.com/photo-1651008376811-b90baee60c1f?auto=format&fit=crop&q=80&w=400","Government Theni Medical College Hospital, Theni, Theni, Tamil Nadu","""2026-08-06T16:20:37.882Z""","""2026-08-06T16:20:37.882Z""","0"
"""6a74b45582e7a429699cd6ce""","Dr. Vijay Raghavan","vijay.raghavan63@bookadoctor.in","$2a$10$Za2okrvC4bfmao/G176PUO5/ATCP0JXCJ3kUe1bWA.mswJ3oN42yq","+91-984000063","doctor","https://images.unsplash.com/photo-1582750433449-648ed127bb54?auto=format&fit=crop&q=80&w=400","Government Theni Medical College Hospital, Theni, Theni, Tamil Nadu","""2026-08-06T16:20:37.895Z""","""2026-08-06T16:20:37.895Z""","0"
"""6a74b45582e7a429699cd6d6""","Dr. Nithya Sundaram","nithya.sundaram64@bookadoctor.in","$2a$10$Za2okrvC4bfmao/G176PUO5/ATCP0JXCJ3kUe1bWA.mswJ3oN42yq","+91-984000064","doctor","https://images.unsplash.com/photo-1559839734-2b71ea197ec2?auto=format&fit=crop&q=80&w=400","Government Medical College Hospital, Thoothukudi, Thoothukudi, Tamil Nadu","""2026-08-06T16:20:37.908Z""","""2026-08-06T16:20:37.908Z""","0"
"""6a74b45582e7a429699cd6de""","Dr. Prakash Ramanathan","prakash.ramanathan65@bookadoctor.in","$2a$10$Za2okrvC4bfmao/G176PUO5/ATCP0JXCJ3kUe1bWA.mswJ3oN42yq","+91-984000065","doctor","https://images.unsplash.com/photo-1622253692010-333f2da6031d?auto=format&fit=crop&q=80&w=400","Government Medical College Hospital, Thoothukudi, Thoothukudi, Tamil Nadu","""2026-08-06T16:20:37.923Z""","""2026-08-06T16:20:37.923Z""","0"
"""6a74b45582e7a429699cd6e6""","Dr. Kavitha Subramanian","kavitha.subramanian66@bookadoctor.in","$2a$10$Za2okrvC4bfmao/G176PUO5/ATCP0JXCJ3kUe1bWA.mswJ3oN42yq","+91-984000066","doctor","https://images.unsplash.com/photo-1651008376811-b90baee60c1f?auto=format&fit=crop&q=80&w=400","Government Medical College Hospital, Thoothukudi, Thoothukudi, Tamil Nadu","""2026-08-06T16:20:37.935Z""","""2026-08-06T16:20:37.935Z""","0"
"""6a74b45582e7a429699cd6ee""","Dr. Sanjay Natarajan","sanjay.natarajan67@bookadoctor.in","$2a$10$Za2okrvC4bfmao/G176PUO5/ATCP0JXCJ3kUe1bWA.mswJ3oN42yq","+91-984000067","doctor","https://images.unsplash.com/photo-1612349317150-e413f6a5b16d?auto=format&fit=crop&q=80&w=400","Kauvery Hospital, Cantonment, Tiruchirappalli, Tiruchirappalli, Tamil Nadu","""2026-08-06T16:20:37.948Z""","""2026-08-06T16:20:37.948Z""","0"
"""6a74b45582e7a429699cd6f6""","Dr. Anitha Krishnan","anitha.krishnan68@bookadoctor.in","$2a$10$Za2okrvC4bfmao/G176PUO5/ATCP0JXCJ3kUe1bWA.mswJ3oN42yq","+91-984000068","doctor","https://images.unsplash.com/photo-1559839734-2b71ea197ec2?auto=format&fit=crop&q=80&w=400","Kauvery Hospital, Cantonment, Tiruchirappalli, Tiruchirappalli, Tamil Nadu","""2026-08-06T16:20:37.960Z""","""2026-08-06T16:20:37.960Z""","0"
"""6a74b45582e7a429699cd6fe""","Dr. Manoj Murugan","manoj.murugan69@bookadoctor.in","$2a$10$Za2okrvC4bfmao/G176PUO5/ATCP0JXCJ3kUe1bWA.mswJ3oN42yq","+91-984000069","doctor","https://images.unsplash.com/photo-1576091160399-112ba8d25d1d?auto=format&fit=crop&q=80&w=400","Tirunelveli Medical College Hospital, Tirunelveli, Tirunelveli, Tamil Nadu","""2026-08-06T16:20:37.972Z""","""2026-08-06T16:20:37.972Z""","0"
"""6a74b45582e7a429699cd706""","Dr. Deepa Iyengar","deepa.iyengar70@bookadoctor.in","$2a$10$Za2okrvC4bfmao/G176PUO5/ATCP0JXCJ3kUe1bWA.mswJ3oN42yq","+91-984000070","doctor","https://images.unsplash.com/photo-1651008376811-b90baee60c1f?auto=format&fit=crop&q=80&w=400","Tirunelveli Medical College Hospital, Tirunelveli, Tirunelveli, Tamil Nadu","""2026-08-06T16:20:37.983Z""","""2026-08-06T16:20:37.983Z""","0"
"""6a74b45582e7a429699cd70e""","Dr. Suresh Balasubramanian","suresh.balasubramanian71@bookadoctor.in","$2a$10$Za2okrvC4bfmao/G176PUO5/ATCP0JXCJ3kUe1bWA.mswJ3oN42yq","+91-984000071","doctor","https://images.unsplash.com/photo-1537368910025-700350fe46c7?auto=format&fit=crop&q=80&w=400","Government Head Quarters Hospital, Tirupathur, Tirupathur, Tamil Nadu","""2026-08-06T16:20:37.995Z""","""2026-08-06T16:20:37.995Z""","0"
"""6a74b45682e7a429699cd716""","Dr. Divya Chettiar","divya.chettiar72@bookadoctor.in","$2a$10$Za2okrvC4bfmao/G176PUO5/ATCP0JXCJ3kUe1bWA.mswJ3oN42yq","+91-984000072","doctor","https://images.unsplash.com/photo-1559839734-2b71ea197ec2?auto=format&fit=crop&q=80&w=400","Government Head Quarters Hospital, Tirupathur, Tirupathur, Tamil Nadu","""2026-08-06T16:20:38.009Z""","""2026-08-06T16:20:38.009Z""","0"
"""6a74b45682e7a429699cd71e""","Dr. Venkatesh Pillai","venkatesh.pillai73@bookadoctor.in","$2a$10$Za2okrvC4bfmao/G176PUO5/ATCP0JXCJ3kUe1bWA.mswJ3oN42yq","+91-984000073","doctor","https://images.unsplash.com/photo-1582750433449-648ed127bb54?auto=format&fit=crop&q=80&w=400","Government Head Quarters Hospital, Tirupathur, Tirupathur, Tamil Nadu","""2026-08-06T16:20:38.020Z""","""2026-08-06T16:20:38.020Z""","0"
"""6a74b45682e7a429699cd726""","Dr. Revathi Ganesan","revathi.ganesan74@bookadoctor.in","$2a$10$Za2okrvC4bfmao/G176PUO5/ATCP0JXCJ3kUe1bWA.mswJ3oN42yq","+91-984000074","doctor","https://images.unsplash.com/photo-1651008376811-b90baee60c1f?auto=format&fit=crop&q=80&w=400","Revathi Medical Center, Tiruppur, Tiruppur, Tamil Nadu","""2026-08-06T16:20:38.033Z""","""2026-08-06T16:20:38.033Z""","0"
"""6a74b45682e7a429699cd72e""","Dr. Rajesh Srinivasan","rajesh.srinivasan75@bookadoctor.in","$2a$10$Za2okrvC4bfmao/G176PUO5/ATCP0JXCJ3kUe1bWA.mswJ3oN42yq","+91-984000075","doctor","https://images.unsplash.com/photo-1622253692010-333f2da6031d?auto=format&fit=crop&q=80&w=400","Revathi Medical Center, Tiruppur, Tiruppur, Tamil Nadu","""2026-08-06T16:20:38.045Z""","""2026-08-06T16:20:38.045Z""","0"
"""6a74b45682e7a429699cd736""","Dr. Gayathri Raghavan","gayathri.raghavan76@bookadoctor.in","$2a$10$Za2okrvC4bfmao/G176PUO5/ATCP0JXCJ3kUe1bWA.mswJ3oN42yq","+91-984000076","doctor","https://images.unsplash.com/photo-1559839734-2b71ea197ec2?auto=format&fit=crop&q=80&w=400","Government Medical College Hospital, Tiruvallur, Tiruvallur, Tamil Nadu","""2026-08-06T16:20:38.058Z""","""2026-08-06T16:20:38.058Z""","0"
"""6a74b45682e7a429699cd73e""","Dr. Vijay Sundaram","vijay.sundaram77@bookadoctor.in","$2a$10$Za2okrvC4bfmao/G176PUO5/ATCP0JXCJ3kUe1bWA.mswJ3oN42yq","+91-984000077","doctor","https://images.unsplash.com/photo-1612349317150-e413f6a5b16d?auto=format&fit=crop&q=80&w=400","Government Medical College Hospital, Tiruvallur, Tiruvallur, Tamil Nadu","""2026-08-06T16:20:38.069Z""","""2026-08-06T16:20:38.069Z""","0"
"""6a74b45682e7a429699cd746""","Dr. Priya Ramanathan","priya.ramanathan78@bookadoctor.in","$2a$10$Za2okrvC4bfmao/G176PUO5/ATCP0JXCJ3kUe1bWA.mswJ3oN42yq","+91-984000078","doctor","https://images.unsplash.com/photo-1651008376811-b90baee60c1f?auto=format&fit=crop&q=80&w=400","Government Medical College Hospital, Tiruvannamalai, Tiruvannamalai, Tamil Nadu","""2026-08-06T16:20:38.081Z""","""2026-08-06T16:20:38.081Z""","0"
"""6a74b45682e7a429699cd74e""","Dr. Prakash Subramanian","prakash.subramanian79@bookadoctor.in","$2a$10$Za2okrvC4bfmao/G176PUO5/ATCP0JXCJ3kUe1bWA.mswJ3oN42yq","+91-984000079","doctor","https://images.unsplash.com/photo-1576091160399-112ba8d25d1d?auto=format&fit=crop&q=80&w=400","Government Medical College Hospital, Tiruvannamalai, Tiruvannamalai, Tamil Nadu","""2026-08-06T16:20:38.094Z""","""2026-08-06T16:20:38.094Z""","0"
"""6a74b45682e7a429699cd756""","Dr. Lakshmi Natarajan","lakshmi.natarajan80@bookadoctor.in","$2a$10$Za2okrvC4bfmao/G176PUO5/ATCP0JXCJ3kUe1bWA.mswJ3oN42yq","+91-984000080","doctor","https://images.unsplash.com/photo-1559839734-2b71ea197ec2?auto=format&fit=crop&q=80&w=400","Government Medical College Hospital, Tiruvannamalai, Tiruvannamalai, Tamil Nadu","""2026-08-06T16:20:38.105Z""","""2026-08-06T16:20:38.105Z""","0"
"""6a74b45682e7a429699cd75e""","Dr. Sanjay Krishnan","sanjay.krishnan81@bookadoctor.in","$2a$10$Za2okrvC4bfmao/G176PUO5/ATCP0JXCJ3kUe1bWA.mswJ3oN42yq","+91-984000081","doctor","https://images.unsplash.com/photo-1537368910025-700350fe46c7?auto=format&fit=crop&q=80&w=400","Government Tiruvarur Medical College Hospital, Tiruvarur, Tamil Nadu","""2026-08-06T16:20:38.115Z""","""2026-08-06T16:20:38.115Z""","0"
"""6a74b45682e7a429699cd766""","Dr. Meena Murugan","meena.murugan82@bookadoctor.in","$2a$10$Za2okrvC4bfmao/G176PUO5/ATCP0JXCJ3kUe1bWA.mswJ3oN42yq","+91-984000082","doctor","https://images.unsplash.com/photo-1651008376811-b90baee60c1f?auto=format&fit=crop&q=80&w=400","Government Tiruvarur Medical College Hospital, Tiruvarur, Tamil Nadu","""2026-08-06T16:20:38.127Z""","""2026-08-06T16:20:38.127Z""","0"
"""6a74b45682e7a429699cd76e""","Dr. Manoj Iyengar","manoj.iyengar83@bookadoctor.in","$2a$10$Za2okrvC4bfmao/G176PUO5/ATCP0JXCJ3kUe1bWA.mswJ3oN42yq","+91-984000083","doctor","https://images.unsplash.com/photo-1582750433449-648ed127bb54?auto=format&fit=crop&q=80&w=400","Christian Medical College (CMC), Vellore, Vellore, Tamil Nadu","""2026-08-06T16:20:38.139Z""","""2026-08-06T16:20:38.139Z""","0"
"""6a74b45682e7a429699cd776""","Dr. Radha Balasubramanian","radha.balasubramanian84@bookadoctor.in","$2a$10$Za2okrvC4bfmao/G176PUO5/ATCP0JXCJ3kUe1bWA.mswJ3oN42yq","+91-984000084","doctor","https://images.unsplash.com/photo-1559839734-2b71ea197ec2?auto=format&fit=crop&q=80&w=400","Christian Medical College (CMC), Vellore, Vellore, Tamil Nadu","""2026-08-06T16:20:38.150Z""","""2026-08-06T16:20:38.150Z""","0"
"""6a74b45682e7a429699cd77e""","Dr. Suresh Chettiar","suresh.chettiar85@bookadoctor.in","$2a$10$Za2okrvC4bfmao/G176PUO5/ATCP0JXCJ3kUe1bWA.mswJ3oN42yq","+91-984000085","doctor","https://images.unsplash.com/photo-1622253692010-333f2da6031d?auto=format&fit=crop&q=80&w=400","Government Villupuram Medical College Hospital, Viluppuram, Tamil Nadu","""2026-08-06T16:20:38.163Z""","""2026-08-06T16:20:38.163Z""","0"
"""6a74b45682e7a429699cd786""","Dr. Sangeetha Pillai","sangeetha.pillai86@bookadoctor.in","$2a$10$Za2okrvC4bfmao/G176PUO5/ATCP0JXCJ3kUe1bWA.mswJ3oN42yq","+91-984000086","doctor","https://images.unsplash.com/photo-1651008376811-b90baee60c1f?auto=format&fit=crop&q=80&w=400","Government Villupuram Medical College Hospital, Viluppuram, Tamil Nadu","""2026-08-06T16:20:38.175Z""","""2026-08-06T16:20:38.175Z""","0"
"""6a74b45682e7a429699cd78e""","Dr. Venkatesh Ganesan","venkatesh.ganesan87@bookadoctor.in","$2a$10$Za2okrvC4bfmao/G176PUO5/ATCP0JXCJ3kUe1bWA.mswJ3oN42yq","+91-984000087","doctor","https://images.unsplash.com/photo-1612349317150-e413f6a5b16d?auto=format&fit=crop&q=80&w=400","Government Villupuram Medical College Hospital, Viluppuram, Tamil Nadu","""2026-08-06T16:20:38.186Z""","""2026-08-06T16:20:38.186Z""","0"
"""6a74b45682e7a429699cd796""","Dr. Aarthi Srinivasan","aarthi.srinivasan88@bookadoctor.in","$2a$10$Za2okrvC4bfmao/G176PUO5/ATCP0JXCJ3kUe1bWA.mswJ3oN42yq","+91-984000088","doctor","https://images.unsplash.com/photo-1559839734-2b71ea197ec2?auto=format&fit=crop&q=80&w=400","Government Medical College Hospital, Virudhunagar, Virudhunagar, Tamil Nadu","""2026-08-06T16:20:38.198Z""","""2026-08-06T16:20:38.198Z""","0"
"""6a74b45682e7a429699cd79e""","Dr. Rajesh Raghavan","rajesh.raghavan89@bookadoctor.in","$2a$10$Za2okrvC4bfmao/G176PUO5/ATCP0JXCJ3kUe1bWA.mswJ3oN42yq","+91-984000089","doctor","https://images.unsplash.com/photo-1576091160399-112ba8d25d1d?auto=format&fit=crop&q=80&w=400","Government Medical College Hospital, Virudhunagar, Virudhunagar, Tamil Nadu","""2026-08-06T16:20:38.209Z""","""2026-08-06T16:20:38.209Z""","0"